Name,G,GS,MP,FG,FGA,FG%,2P,2PA,2P%,3P,3PA,3P%,FT,FTA,FT%,ORB,DRB,TRB,AST,STL,BLK,TOV,PF,PTS,SOS,ALLSTAR,YEAR,PK,POS
Greg Monroe,65.0,65.0,32.6,5.3,9.8,0.5429999999999999,5.2,9.3,0.5579999999999999,0.1,0.5,0.273,3.7,5.5,0.677,2.1,6.1,8.2,3.2,1.5,1.5,2.9,2.5,14.5,9.26,No,2010,7,Center
Jarron Collins,129.0,34.0,24.5,2.9,5.5,0.52,2.8,5.4,0.527,0.0,0.1,0.25,2.6,3.9,0.669,2.0,4.7,5.5,1.1,0.6,0.4,1.3,1.8,8.4,8.87,No,2001,53,Forward
Jordan Adams,69.0,63.0,30.2,5.4,11.6,0.467,4.0,7.3,0.5479999999999999,1.4,4.3,0.331,4.2,5.0,0.8390000000000001,1.3,3.3,4.6,2.1,2.4,0.2,1.4,2.1,16.4,7.72,No,2014,22,Guard
Reggie Jackson,99.0,52.0,28.0,4.6,9.9,0.465,3.4,6.4,0.527,1.2,3.5,0.35100000000000003,2.3,3.0,0.753,1.4,3.0,4.4,3.5,0.8,0.5,2.1,1.7,12.7,7.25,No,2011,24,Guard
Tony Snell,104.0,76.0,24.8,3.0,7.1,0.42100000000000004,1.4,2.9,0.48,1.6,4.2,0.38,1.6,1.9,0.821,0.4,2.0,2.4,2.0,0.5,0.3,1.5,1.2,9.2,4.95,No,2013,20,Guard
Montrezl Harrell,112.0,75.0,26.4,4.8,8.1,0.586,4.7,7.8,0.6,0.1,0.4,0.275,1.9,3.6,0.5329999999999999,2.6,4.3,6.9,0.9,0.8,1.1,1.3,1.9,11.6,7.64,No,2015,32,Forward
Spencer Hawes,31.0,24.0,28.9,6.2,11.7,0.532,6.2,11.6,0.5329999999999999,0.0,0.1,0.33299999999999996,2.4,3.2,0.755,2.0,4.4,6.4,1.9,0.5,1.7,2.5,2.3,14.9,6.5,No,2007,10,Center
Luke Babbitt,68.0,68.0,34.9,6.5,13.6,0.48,5.4,11.0,0.494,1.1,2.6,0.42100000000000004,5.2,5.8,0.893,2.0,6.2,8.1,1.8,0.9,0.8,2.1,2.2,19.4,1.98,No,2010,16,Forward
Russell Westbrook,75.0,35.0,21.9,3.1,6.6,0.46399999999999997,2.6,5.3,0.491,0.5,1.3,0.354,1.7,2.4,0.685,0.9,1.5,2.4,2.5,1.0,0.1,1.6,1.7,8.3,8.77,Yes,2008,4,Guard
Robbie Hummel,127.0,120.0,30.2,4.6,10.4,0.44299999999999995,2.9,6.0,0.483,1.7,4.4,0.389,3.1,3.7,0.841,1.9,4.9,6.8,2.1,1.0,0.9,1.1,2.4,14.0,7.48,No,2012,58,Forward
Kris Dunn,95.0,83.0,31.5,4.5,9.9,0.45,3.7,7.8,0.47600000000000003,0.8,2.2,0.354,3.1,4.5,0.693,1.1,4.0,5.1,5.8,2.2,0.4,3.3,2.9,12.8,8.09,No,2016,5,Guard
E'Twaun Moore,140.0,135.0,32.3,5.6,12.7,0.44,3.8,8.1,0.473,1.7,4.6,0.38,2.4,3.3,0.7290000000000001,1.1,3.3,4.4,2.9,1.2,0.4,2.1,2.3,15.3,7.64,No,2011,55,Guard
Melvin Ely,124.0,61.0,32.5,6.4,11.0,0.5770000000000001,6.4,11.0,0.578,0.0,0.0,0.33299999999999996,3.0,4.6,0.648,2.9,5.3,7.5,1.1,0.8,2.9,2.4,2.3,15.7,4.4,No,2002,12,Center
Richard Jefferson,84.0,34.0,26.3,4.0,8.1,0.49,3.3,6.2,0.528,0.7,1.9,0.368,2.5,3.5,0.718,1.7,3.8,5.0,2.8,0.6,0.8,2.7,2.6,11.2,10.19,No,2001,13,Forward
Juan Dixon,141.0,72.0,28.4,5.7,12.1,0.46799999999999997,4.0,7.8,0.513,1.7,4.4,0.389,3.0,3.6,0.85,1.3,3.1,4.2,2.6,2.4,0.2,2.5,2.0,16.1,9.73,No,2002,17,Guard
Trevor Booker,134.0,134.0,28.4,5.1,9.2,0.5589999999999999,5.0,8.6,0.574,0.2,0.5,0.324,2.4,3.9,0.624,3.0,4.9,7.9,1.7,1.1,1.9,1.9,2.3,12.9,7.85,No,2010,23,Forward
Lonzo Ball,36.0,36.0,35.1,5.3,9.5,0.551,3.0,4.1,0.732,2.2,5.4,0.41200000000000003,1.8,2.7,0.6729999999999999,0.9,5.1,6.0,7.6,1.8,0.8,2.5,1.8,14.6,6.39,No,2017,2,Guard
Dillon Brooks,109.0,98.0,28.9,5.4,11.4,0.47200000000000003,4.2,8.0,0.518,1.2,3.4,0.36200000000000004,2.8,3.5,0.794,1.6,2.9,4.5,2.6,0.9,0.5,2.1,2.9,14.8,8.23,No,2017,45,Forward
Kevin Love,39.0,38.0,29.6,5.8,10.4,0.5589999999999999,5.1,8.3,0.611,0.7,2.1,0.354,5.1,6.6,0.767,3.6,7.0,10.6,1.9,0.7,1.4,2.0,1.9,17.5,7.71,Yes,2008,5,Forward
Chris McCullough,16.0,16.0,28.1,3.4,7.1,0.478,3.3,7.0,0.473,0.1,0.1,1.0,2.5,4.4,0.563,2.3,4.6,6.9,1.1,1.7,2.1,2.2,2.6,9.3,7.68,No,2015,29,Forward
Jamaal Franklin,85.0,54.0,25.9,4.3,10.0,0.426,3.1,6.2,0.504,1.2,3.8,0.302,4.0,5.1,0.78,1.5,5.5,7.0,1.9,1.0,0.6,2.6,2.1,13.7,5.45,No,2013,41,Guard
Renaldo Balkman,104.0,40.0,21.1,3.0,5.5,0.5529999999999999,2.9,5.0,0.581,0.2,0.5,0.29100000000000004,1.2,2.2,0.5329999999999999,2.1,3.2,5.3,1.7,1.2,1.1,1.7,2.1,7.4,7.11,No,2006,20,Forward
K.J. McDaniels,94.0,61.0,24.3,3.9,8.6,0.45,3.0,5.8,0.516,0.9,2.8,0.313,2.4,3.2,0.767,1.8,3.0,4.8,0.9,0.9,1.9,1.5,1.8,11.0,4.6,No,2014,32,Guard
Hakim Warrick,135.0,119.0,31.0,5.7,10.6,0.536,5.6,10.3,0.544,0.1,0.3,0.25,3.9,5.9,0.659,2.9,4.7,7.6,1.5,1.0,0.9,2.3,2.4,15.4,7.34,No,2005,19,Forward
JaVale McGee,66.0,31.0,18.7,3.5,6.5,0.542,3.3,5.9,0.563,0.2,0.7,0.35600000000000004,1.4,2.7,0.514,1.7,3.0,4.8,0.3,0.5,1.8,1.6,2.0,8.7,0.49,No,2008,18,Center
Nik Stauskas,75.0,69.0,32.9,4.3,9.2,0.467,2.0,4.0,0.5,2.3,5.2,0.441,3.2,3.9,0.8320000000000001,0.5,2.5,2.9,2.3,0.6,0.3,1.5,1.0,14.1,9.85,No,2014,8,Guard
Jonathan Isaac,32.0,32.0,26.2,4.1,8.0,0.508,3.1,5.2,0.593,1.0,2.8,0.348,2.9,3.7,0.78,1.8,6.1,7.8,1.2,1.2,1.5,1.5,2.2,12.0,8.87,No,2017,6,Forward
Justin Hamilton,113.0,73.0,31.2,2.6,5.4,0.489,2.0,3.3,0.589,0.7,2.1,0.331,0.9,1.2,0.7390000000000001,0.8,2.3,2.6,2.7,1.5,0.3,1.5,1.4,6.9,8.03,No,2012,45,Center
Wilson Chandler,59.0,52.0,31.1,5.1,11.4,0.445,4.3,8.8,0.48700000000000004,0.8,2.6,0.303,2.0,3.0,0.659,1.9,5.2,7.1,1.2,0.7,1.5,1.8,2.9,12.9,8.64,No,2007,23,Forward
Marcus Williams,70.0,51.0,27.9,2.9,7.2,0.402,2.1,5.2,0.413,0.8,2.1,0.375,2.4,3.0,0.7909999999999999,0.7,2.6,3.2,7.3,1.0,0.2,3.2,1.7,9.0,7.32,No,2006,22,Guard
Brandon Rush,109.0,101.0,31.3,4.9,10.9,0.449,3.0,6.6,0.45799999999999996,1.9,4.3,0.435,1.8,2.5,0.733,1.5,4.0,5.5,2.0,0.7,0.8,2.1,1.5,13.6,7.56,No,2008,13,Guard
Damian Lillard,104.0,98.0,32.3,5.6,12.6,0.446,3.3,6.5,0.49700000000000005,2.4,6.1,0.39,5.0,5.8,0.867,0.4,3.9,4.3,3.5,1.2,0.2,2.4,2.1,18.6,-2.21,Yes,2012,6,Guard
Shannon Brown,97.0,89.0,28.0,4.3,9.4,0.457,3.2,6.3,0.503,1.1,3.1,0.364,2.5,3.0,0.831,1.0,2.4,3.4,1.9,1.3,0.1,2.0,1.9,12.2,7.69,No,2006,25,Guard
Nate Robinson,89.0,66.0,28.2,5.0,11.0,0.457,3.6,6.9,0.523,1.4,4.1,0.348,3.0,3.7,0.7929999999999999,1.6,2.3,3.9,3.2,1.6,0.1,2.0,2.6,14.4,7.12,No,2005,21,Guard
Jaylen Brown,34.0,34.0,27.6,4.8,11.1,0.431,3.9,8.1,0.48200000000000004,0.9,3.0,0.294,4.2,6.4,0.654,1.1,4.3,5.4,2.0,0.8,0.6,3.1,3.2,14.6,7.87,No,2016,3,Forward
Devin Booker,128.0,94.0,24.1,3.5,7.0,0.496,3.3,6.4,0.518,0.2,0.6,0.275,1.9,2.9,0.6579999999999999,2.1,3.6,5.7,0.8,0.6,0.6,1.6,2.3,9.0,5.58,No,2015,13,Guard
Dajuan Wagner,36.0,35.0,31.8,7.4,18.0,0.41,5.5,12.2,0.45299999999999996,1.8,5.8,0.317,4.6,6.4,0.722,0.5,2.0,2.5,3.6,1.2,0.6,2.9,2.8,21.2,4.72,No,2002,6,Guard
Damion James,142.0,140.0,29.3,5.0,10.4,0.479,4.2,8.4,0.506,0.7,2.0,0.364,2.8,4.4,0.64,2.9,6.3,9.3,1.1,1.0,1.1,1.8,2.8,13.5,7.54,No,2010,24,Guard
Rodney Stuckey,59.0,59.0,33.1,8.1,17.1,0.47200000000000003,6.4,11.9,0.54,1.7,5.2,0.317,6.5,8.1,0.8059999999999999,1.1,3.6,4.7,4.8,2.3,0.3,3.5,2.4,24.4,-1.48,No,2007,15,Guard
Brandon Roy,103.0,71.0,27.5,5.2,10.1,0.512,4.7,8.6,0.541,0.5,1.5,0.344,3.5,4.5,0.765,1.8,3.2,5.0,3.0,1.0,0.5,2.1,2.1,14.3,6.83,Yes,2006,6,Guard
Kyle Lowry,57.0,34.0,26.7,3.2,7.1,0.449,2.9,6.4,0.46299999999999997,0.2,0.7,0.325,2.9,4.0,0.737,1.4,2.4,3.8,3.0,1.9,0.2,1.9,2.6,9.5,8.83,Yes,2006,24,Guard
Joakim Noah,108.0,78.0,21.1,3.8,6.2,0.616,3.8,6.2,0.617,0.0,0.0,0.5,2.9,4.2,0.684,2.0,4.4,6.4,1.7,0.9,1.7,1.8,2.0,10.5,6.65,Yes,2007,9,Center
Jay Williams,108.0,74.0,33.1,6.6,14.6,0.45299999999999996,3.7,7.2,0.514,2.9,7.4,0.39299999999999996,3.1,4.7,0.6709999999999999,0.8,2.6,3.7,6.0,2.2,0.1,3.9,2.3,19.3,10.0,No,2002,2,Guard
Kentavious Caldwell-Pope,64.0,60.0,33.0,5.3,12.7,0.415,3.0,5.9,0.504,2.3,6.9,0.33899999999999997,2.9,3.9,0.752,1.3,4.8,6.1,1.5,1.9,0.4,1.6,2.2,15.8,7.02,No,2013,8,Guard
Jared Dudley,130.0,130.0,36.4,5.3,10.5,0.504,4.4,8.0,0.5479999999999999,0.9,2.5,0.365,4.4,6.0,0.731,2.9,4.3,7.2,3.0,1.4,0.3,2.1,1.9,15.9,7.22,No,2007,22,Forward
Omar Cook,29.0,29.0,38.2,4.9,13.5,0.36,2.5,5.9,0.424,2.3,7.6,0.309,3.3,4.4,0.742,0.6,2.4,3.0,8.7,2.3,0.2,5.1,2.8,15.3,8.27,No,2001,32,Guard
Mario Chalmers,110.0,96.0,28.5,4.0,8.3,0.486,2.4,4.4,0.545,1.6,3.9,0.419,2.5,3.2,0.767,0.3,2.5,2.8,3.8,2.6,0.4,2.4,2.4,12.2,7.56,No,2008,34,Guard
Jeremy Lamb,75.0,74.0,32.1,5.3,11.0,0.48200000000000004,3.8,6.6,0.573,1.6,4.5,0.348,1.9,2.4,0.8059999999999999,1.1,3.6,4.7,1.7,1.0,0.6,1.6,1.6,14.1,9.25,No,2012,12,Guard
Jabari Parker,35.0,35.0,30.7,6.7,14.3,0.473,5.7,11.2,0.504,1.1,3.0,0.358,4.6,6.1,0.748,3.0,5.7,8.7,1.2,1.1,1.2,2.3,2.4,19.1,8.48,No,2014,2,Forward
Meyers Leonard,65.0,30.0,19.8,3.0,5.4,0.5670000000000001,3.0,5.2,0.585,0.0,0.2,0.083,1.6,2.2,0.7290000000000001,1.3,3.4,4.7,0.7,0.3,1.1,1.4,2.2,7.7,9.55,No,2012,11,Center
Quincy Acy,139.0,66.0,25.1,3.6,6.0,0.602,3.6,6.0,0.604,0.0,0.1,0.429,2.5,3.6,0.708,2.2,3.8,6.0,0.6,0.7,1.3,1.5,2.6,9.8,7.2,No,2012,37,Forward
Russ Smith,133.0,80.0,24.3,4.7,11.3,0.413,3.3,7.4,0.449,1.4,3.9,0.345,3.7,4.8,0.76,0.7,2.0,2.7,2.8,1.9,0.1,2.4,2.4,14.3,7.79,No,2014,47,Guard
Kirk Snyder,84.0,74.0,30.8,5.7,13.3,0.426,4.4,9.3,0.47700000000000004,1.3,4.1,0.31,4.1,6.0,0.677,2.3,4.1,6.4,2.7,0.9,0.8,3.1,2.4,16.7,3.25,No,2004,16,Guard
Antoine Wright,87.0,83.0,32.1,5.4,13.0,0.41200000000000003,3.3,7.5,0.439,2.1,5.5,0.376,2.6,4.0,0.648,1.4,4.2,5.6,2.1,1.1,0.6,2.3,2.6,15.4,5.15,No,2005,15,Guard
T.J. Warren,70.0,49.0,31.2,7.5,13.6,0.555,6.9,11.5,0.598,0.6,2.0,0.315,2.8,4.3,0.654,2.7,3.0,5.7,1.0,1.5,0.5,1.7,2.5,18.5,7.31,No,2014,14,Forward
Skal Labissiere,36.0,18.0,15.8,2.7,5.3,0.516,2.7,5.2,0.521,0.0,0.1,0.0,1.1,1.7,0.6609999999999999,1.0,2.2,3.1,0.3,0.3,1.6,0.9,3.0,6.6,8.84,No,2016,28,Forward
Justin Patton,35.0,34.0,25.3,5.7,8.5,0.6759999999999999,5.5,8.0,0.6829999999999999,0.2,0.4,0.5329999999999999,1.3,2.5,0.517,1.7,4.5,6.2,1.2,0.9,1.4,1.7,2.7,12.9,8.95,No,2017,16,Center
Hamidou Diallo,37.0,37.0,24.8,3.6,8.5,0.428,2.9,6.4,0.45799999999999996,0.7,2.1,0.33799999999999997,2.1,3.4,0.616,0.9,2.8,3.6,1.2,0.8,0.4,1.4,2.6,10.0,10.73,No,2018,45,Guard
Josh Howard,127.0,85.0,27.8,5.1,10.5,0.483,4.2,8.1,0.522,0.9,2.4,0.353,2.9,4.0,0.708,2.9,4.5,6.6,1.9,1.7,1.1,2.2,2.9,13.9,9.17,Yes,2003,29,Forward
Cory Joseph,36.0,36.0,32.4,3.8,8.9,0.42200000000000004,2.3,5.4,0.429,1.4,3.5,0.413,1.4,2.0,0.6990000000000001,0.6,2.9,3.6,3.0,1.0,0.3,1.5,1.8,10.4,7.96,No,2011,29,Guard
Marcus Paige,141.0,139.0,32.4,4.3,10.5,0.40700000000000003,2.1,4.8,0.446,2.1,5.7,0.374,2.5,3.0,0.848,0.4,2.4,2.8,4.3,1.4,0.2,1.9,1.7,13.3,9.72,No,2016,55,Guard
Sindarius Thornwell,132.0,132.0,31.8,4.5,11.5,0.392,3.2,7.5,0.42,1.4,4.0,0.33899999999999997,4.3,5.6,0.7709999999999999,1.6,3.6,5.2,3.0,1.5,0.6,2.5,2.4,14.7,7.8,No,2017,48,Guard
Marquese Chriss,34.0,34.0,24.9,5.3,9.9,0.53,4.6,8.2,0.568,0.6,1.8,0.35,2.6,3.8,0.682,2.5,2.9,5.4,0.8,0.9,1.6,2.0,4.1,13.7,8.12,No,2016,8,Forward
Royal Ivey,133.0,126.0,24.7,2.8,6.1,0.455,2.4,4.9,0.483,0.4,1.2,0.33799999999999997,1.9,2.6,0.7090000000000001,1.1,1.9,3.1,2.3,0.9,0.2,1.5,2.7,7.8,9.13,No,2004,37,Guard
Ryan Gomes,116.0,115.0,35.1,6.8,13.0,0.519,6.1,11.0,0.5489999999999999,0.7,2.0,0.35200000000000004,4.2,5.3,0.789,3.3,5.5,8.9,2.3,1.6,0.4,2.3,2.1,18.4,7.36,No,2005,50,Forward
Norman Powell,141.0,83.0,25.2,3.6,7.7,0.461,2.8,5.2,0.5329999999999999,0.8,2.5,0.314,1.8,2.5,0.746,0.4,2.6,3.0,1.5,1.1,0.4,1.3,2.0,9.8,7.25,No,2015,46,Guard
Sam Young,143.0,78.0,25.5,5.0,10.1,0.498,4.2,7.8,0.539,0.8,2.3,0.35600000000000004,2.4,3.4,0.6920000000000001,1.8,3.2,5.0,1.0,0.8,0.8,1.9,1.7,13.2,8.0,No,2009,36,Forward
Craig Smith,130.0,127.0,34.0,7.1,12.7,0.5579999999999999,7.0,12.2,0.5720000000000001,0.1,0.5,0.239,3.8,5.9,0.643,3.0,5.6,8.6,1.9,1.3,0.8,2.3,2.9,18.1,6.73,No,2006,36,Forward
Paul George,63.0,63.0,33.9,5.1,11.4,0.447,3.1,6.5,0.485,1.9,4.9,0.396,3.4,4.2,0.8029999999999999,1.9,4.8,6.7,2.4,2.0,0.9,2.7,2.8,15.5,1.13,Yes,2010,10,Forward
Derrick White,34.0,32.0,32.8,6.0,11.9,0.507,4.4,7.6,0.569,1.7,4.2,0.396,4.4,5.4,0.813,1.0,3.1,4.1,4.4,1.2,1.4,2.4,2.1,18.1,6.0,No,2017,29,Guard
Luke Ridnour,96.0,96.0,33.6,4.5,10.5,0.429,2.4,5.0,0.47200000000000003,2.1,5.4,0.389,3.5,4.1,0.8590000000000001,0.4,2.5,3.0,5.2,1.6,0.1,3.2,2.1,14.6,6.98,No,2003,14,Guard
Harrison Barnes,75.0,73.0,29.3,5.8,13.6,0.43,4.3,9.1,0.469,1.5,4.4,0.349,3.1,4.3,0.7340000000000001,2.0,3.5,5.5,1.3,0.9,0.4,1.9,1.9,16.3,8.61,No,2012,7,Forward
Jarell Martin,65.0,57.0,30.7,5.0,10.1,0.494,4.3,8.0,0.541,0.6,2.0,0.308,3.1,4.5,0.6890000000000001,2.4,4.6,6.9,1.4,1.0,0.7,2.2,2.6,13.7,6.12,No,2015,25,Forward
De'Aaron Fox,36.0,34.0,29.6,5.9,12.4,0.479,5.5,10.5,0.521,0.5,1.9,0.24600000000000002,4.3,5.9,0.736,0.6,3.4,4.0,4.6,1.5,0.2,2.4,2.5,16.7,10.49,No,2017,5,Guard
Otto Porter,64.0,38.0,32.5,4.6,9.2,0.498,3.7,6.8,0.55,0.9,2.4,0.355,2.8,3.8,0.7509999999999999,1.9,5.3,7.1,2.1,1.5,0.9,1.3,2.0,12.8,7.64,No,2013,3,Forward
Dwayne Bacon,69.0,67.0,28.8,6.1,13.5,0.449,4.8,9.3,0.51,1.3,4.1,0.312,3.1,4.2,0.733,1.2,3.8,5.0,1.6,1.0,0.1,2.1,1.9,16.5,8.52,No,2017,40,Guard
Mardy Collins,125.0,124.0,37.5,5.7,14.4,0.39899999999999997,4.3,9.4,0.457,1.5,5.0,0.292,2.4,3.9,0.624,1.2,3.3,4.6,3.2,2.3,0.2,2.0,2.3,15.4,5.33,No,2006,29,Guard
Ike Diogu,91.0,91.0,35.1,6.8,11.9,0.5710000000000001,6.3,10.7,0.591,0.5,1.2,0.387,7.4,9.4,0.7859999999999999,3.4,5.5,8.8,1.2,0.4,1.7,3.4,2.8,21.4,6.66,No,2005,9,Forward
Matt Bonner,131.0,81.0,25.0,4.4,8.8,0.503,3.2,5.6,0.564,1.3,3.2,0.395,1.9,2.5,0.74,2.3,4.7,5.9,1.2,0.7,0.5,1.6,1.5,12.0,8.03,No,2003,45,Forward
D.J. Strawberry,111.0,72.0,26.9,3.6,7.8,0.461,3.0,5.9,0.503,0.6,1.9,0.33,2.3,3.7,0.64,1.0,2.3,3.3,2.9,1.8,0.4,2.2,2.4,10.1,8.47,No,2007,59,Guard
Sean May,77.0,75.0,27.8,5.7,11.2,0.513,5.7,11.1,0.519,0.0,0.1,0.0,4.3,6.0,0.7170000000000001,3.5,6.5,10.0,1.5,1.3,1.2,2.4,2.4,15.8,11.0,No,2005,13,Forward
Taylor Griffin,129.0,78.0,22.3,2.3,4.9,0.46799999999999997,2.2,4.5,0.493,0.1,0.5,0.22,1.9,2.6,0.721,1.7,3.0,4.8,1.0,0.9,0.8,1.4,2.5,6.6,7.19,No,2009,48,Forward
Marvin Williams,36.0,0.0,22.2,3.5,6.9,0.506,2.9,5.6,0.522,0.5,1.2,0.43200000000000005,3.8,4.5,0.847,1.8,4.8,6.6,0.7,1.1,0.5,1.6,2.6,11.3,10.66,No,2005,2,Forward
Carl Landry,64.0,63.0,29.9,6.3,10.5,0.602,6.1,9.8,0.628,0.2,0.7,0.233,5.6,7.9,0.7140000000000001,3.0,4.0,7.1,1.2,1.0,0.8,2.9,3.0,18.4,8.86,No,2007,31,Forward
Jason Richardson,70.0,32.0,21.7,3.7,7.4,0.503,2.9,5.3,0.551,0.8,2.1,0.38299999999999995,1.4,2.1,0.649,1.8,4.1,5.0,1.4,0.8,0.5,1.1,1.9,9.6,9.73,No,2001,5,Guard
Mike Muscala,133.0,118.0,28.7,5.4,10.8,0.501,5.3,10.3,0.51,0.2,0.5,0.313,4.3,5.2,0.8190000000000001,2.3,6.0,8.2,1.6,0.4,2.0,1.6,2.3,15.3,-3.94,No,2013,44,Forward
Lonny Baxter,138.0,70.0,24.4,5.2,9.3,0.5529999999999999,5.1,9.3,0.5529999999999999,0.0,0.0,0.6,3.1,5.2,0.6,2.5,5.5,7.2,0.7,0.9,1.6,1.6,3.0,13.5,9.73,No,2002,44,Forward
Andrew Harrison,79.0,78.0,28.6,2.8,7.6,0.37200000000000005,1.9,5.2,0.374,0.9,2.4,0.36700000000000005,3.6,4.6,0.777,0.6,2.1,2.7,3.8,0.8,0.2,2.2,2.4,10.1,9.28,No,2015,44,Guard
Buddy Hield,132.0,118.0,31.7,5.9,13.2,0.44799999999999995,3.3,6.5,0.508,2.6,6.8,0.39,2.8,3.4,0.836,1.6,3.4,5.0,1.9,1.3,0.3,2.2,2.0,17.4,9.28,No,2016,6,Guard
Chris Douglas-Roberts,109.0,100.0,26.1,5.1,9.4,0.54,4.4,7.6,0.579,0.7,1.8,0.37200000000000005,3.3,4.6,0.725,1.2,2.4,3.7,1.7,1.0,0.4,2.0,1.9,14.2,4.64,No,2008,40,Guard
Myles Turner,34.0,7.0,22.2,3.4,7.6,0.455,2.9,5.7,0.513,0.5,1.8,0.27399999999999997,2.8,3.3,0.8390000000000001,1.3,5.2,6.5,0.6,0.3,2.6,1.4,2.4,10.1,9.07,No,2015,11,Center
Jeryl Sasser,117.0,28.0,35.0,5.8,14.6,0.39399999999999996,4.6,10.6,0.43799999999999994,1.1,4.1,0.28,4.4,6.2,0.71,3.5,4.9,8.3,3.2,1.7,0.6,2.7,1.3,17.0,2.13,No,2001,22,Guard
Lance Stephenson,34.0,32.0,28.2,4.8,10.8,0.44,4.3,8.7,0.495,0.5,2.1,0.21899999999999997,2.3,3.5,0.664,1.9,3.5,5.4,2.5,0.9,0.2,2.4,1.9,12.3,8.45,No,2010,40,Guard
Earl Clark,104.0,63.0,26.7,4.0,8.6,0.467,3.5,6.8,0.512,0.5,1.8,0.298,2.0,3.2,0.64,2.1,4.9,7.0,1.7,0.9,1.2,2.1,1.7,10.6,8.03,No,2009,14,Forward
Tyler Zeller,117.0,75.0,23.0,4.7,8.6,0.5429999999999999,4.7,8.6,0.544,0.0,0.0,0.0,3.5,4.5,0.775,2.7,4.0,6.7,0.6,0.7,1.1,1.4,2.3,12.8,8.85,No,2012,17,Forward
Pat Connaughton,139.0,123.0,32.3,3.7,8.2,0.45,1.8,3.2,0.5489999999999999,1.9,5.0,0.386,1.2,1.5,0.777,1.0,4.9,5.9,1.8,0.7,0.5,1.0,1.7,10.5,6.88,No,2015,41,Guard
John Jenkins,98.0,74.0,30.6,5.3,11.2,0.46799999999999997,2.1,4.1,0.521,3.1,7.1,0.43799999999999994,3.3,3.8,0.856,0.4,2.3,2.7,1.1,0.7,0.3,1.3,1.2,16.9,7.59,No,2012,23,Guard
Josh Selby,26.0,11.0,20.4,2.8,7.4,0.373,1.5,3.8,0.384,1.3,3.6,0.36200000000000004,1.1,1.4,0.757,0.4,1.8,2.2,2.2,0.8,0.0,2.0,1.7,7.9,7.62,No,2011,49,Guard
Kyle Korver,128.0,94.0,27.7,4.4,9.3,0.47200000000000003,1.5,2.9,0.515,2.9,6.4,0.45299999999999996,2.4,2.7,0.8909999999999999,1.5,4.4,5.2,2.3,1.3,0.5,1.8,2.3,14.1,1.76,Yes,2003,51,Guard
Pascal Siakam,68.0,61.0,32.7,6.5,11.8,0.551,6.4,11.5,0.5589999999999999,0.0,0.3,0.17600000000000002,3.5,5.0,0.711,3.6,6.1,9.7,1.5,0.9,2.0,1.9,2.6,16.6,-3.6,No,2016,27,Forward
Cleanthony Early,75.0,58.0,26.2,4.9,10.5,0.47,3.4,6.2,0.555,1.5,4.3,0.348,3.7,4.6,0.8190000000000001,1.8,3.8,5.7,0.7,0.8,0.8,1.7,2.4,15.1,3.91,No,2014,34,Forward
Thomas Welsh,132.0,94.0,25.0,4.0,7.5,0.537,3.7,6.6,0.5539999999999999,0.3,0.9,0.40700000000000003,1.0,1.3,0.7979999999999999,2.4,5.5,7.8,0.8,0.4,1.1,0.7,2.5,9.5,7.8,No,2018,58,Center
Gerald Wallace,36.0,2.0,22.9,3.5,8.0,0.43799999999999994,3.2,6.3,0.511,0.3,1.8,0.175,2.4,4.3,0.568,2.3,3.7,6.0,1.5,1.2,1.0,2.4,2.4,9.8,6.27,Yes,2001,25,Forward
Daniel Ewing,138.0,79.0,27.7,3.9,9.0,0.43200000000000005,2.3,5.0,0.46399999999999997,1.6,4.0,0.392,2.2,2.9,0.746,0.8,1.9,2.8,2.1,1.4,0.2,1.9,2.6,11.6,9.61,No,2005,32,Guard
Al Thornton,124.0,69.0,22.0,4.4,8.3,0.528,3.9,7.2,0.5429999999999999,0.5,1.2,0.43799999999999994,3.0,4.2,0.701,2.1,3.1,5.2,0.7,0.8,0.6,1.7,2.3,12.3,7.69,No,2007,14,Forward
Tyus Jones,39.0,39.0,33.9,3.5,8.3,0.41700000000000004,2.3,5.1,0.44,1.2,3.2,0.379,3.7,4.2,0.889,0.5,3.0,3.5,5.6,1.5,0.1,1.9,1.2,11.8,9.87,No,2015,24,Guard
Chris Paul,63.0,62.0,33.5,4.4,9.3,0.47200000000000003,3.0,6.4,0.473,1.4,2.9,0.47,4.9,5.8,0.838,0.7,3.2,3.9,6.3,2.5,0.2,2.7,2.6,15.0,10.65,Yes,2005,4,Guard
Danny Green,145.0,39.0,19.9,3.4,7.4,0.455,2.1,4.1,0.522,1.3,3.4,0.375,1.4,1.6,0.845,1.4,2.7,4.1,1.8,1.1,1.1,1.4,1.9,9.4,8.39,No,2009,46,Guard
Mike Taylor,31.0,30.0,35.0,5.3,14.2,0.376,2.8,7.3,0.391,2.5,6.9,0.36,2.8,4.2,0.682,0.7,3.4,4.1,4.5,1.1,0.1,5.4,2.9,16.0,5.19,No,2008,55,Guard
Tyler Hansbrough,142.0,141.0,30.9,6.6,12.3,0.536,6.5,12.1,0.541,0.1,0.3,0.316,6.9,8.7,0.7909999999999999,3.4,5.2,8.6,1.1,1.3,0.5,2.1,2.5,20.2,8.39,No,2009,13,Forward
Caris LeVert,103.0,70.0,26.4,3.6,8.2,0.434,2.3,4.9,0.456,1.3,3.2,0.401,2.0,2.6,0.77,0.4,3.2,3.5,2.7,0.9,0.2,1.3,1.5,10.4,9.3,No,2016,20,Guard
Quincy Pondexter,136.0,102.0,27.3,4.8,9.5,0.503,4.4,8.3,0.528,0.4,1.2,0.327,3.1,4.1,0.768,2.4,3.2,5.6,1.7,0.8,0.3,1.9,2.5,13.1,7.55,No,2010,26,Guard
Marcus Thornton,66.0,65.0,32.7,7.1,15.6,0.455,4.5,8.9,0.51,2.5,6.7,0.382,3.7,4.8,0.7709999999999999,2.0,3.5,5.5,1.8,1.5,0.3,2.0,2.0,20.4,4.46,No,2009,43,Guard
Wayne Ellington,115.0,112.0,28.5,5.4,11.6,0.46299999999999997,3.4,6.6,0.513,2.0,5.0,0.397,2.0,2.5,0.809,1.1,3.0,4.1,2.2,0.9,0.1,1.5,1.5,14.7,8.59,No,2009,28,Guard
Reece Gaines,125.0,93.0,31.6,5.1,11.2,0.452,3.3,6.5,0.502,1.8,4.7,0.38299999999999995,3.6,4.9,0.75,0.7,2.8,3.4,3.8,1.5,0.2,2.7,2.5,15.6,7.91,No,2003,15,Guard
Robert Sacre,136.0,111.0,21.7,3.0,6.0,0.504,3.0,5.9,0.505,0.0,0.0,0.25,3.3,4.5,0.735,1.8,3.2,5.0,0.7,0.5,1.4,1.6,2.3,9.3,3.36,No,2012,60,Center
Ronnie Brewer,90.0,88.0,33.0,5.5,11.9,0.462,4.3,8.5,0.511,1.2,3.4,0.34,3.6,5.4,0.6709999999999999,1.7,3.4,5.0,3.3,2.4,0.5,2.3,1.7,15.7,5.35,No,2006,14,Guard
Cameron Bairstow,134.0,55.0,20.8,3.1,6.0,0.517,3.1,6.0,0.519,0.0,0.0,0.33299999999999996,3.0,4.2,0.7170000000000001,1.7,3.0,4.8,0.8,0.5,0.7,1.2,2.1,9.2,4.93,No,2014,49,Forward
C.J. Wilcox,131.0,83.0,28.5,4.9,11.3,0.433,2.6,5.4,0.48100000000000004,2.3,5.9,0.389,2.3,2.7,0.84,0.8,2.5,3.4,1.6,0.9,0.7,1.4,1.9,14.4,6.67,No,2014,28,Guard
Justin Reed,122.0,114.0,28.7,5.6,11.7,0.47600000000000003,5.2,10.4,0.5,0.4,1.3,0.285,3.1,4.4,0.7070000000000001,2.4,3.9,6.3,1.1,1.0,0.7,2.4,3.2,14.6,7.16,No,2004,40,Forward
Rashad McCants,98.0,90.0,29.2,6.3,12.9,0.486,4.0,7.4,0.5379999999999999,2.3,5.4,0.415,2.8,3.8,0.721,1.5,2.6,4.1,2.1,1.5,0.6,2.2,2.4,17.6,11.0,No,2005,14,Guard
Lionel Chalmers,123.0,99.0,31.7,4.2,9.8,0.425,2.3,4.7,0.483,1.9,5.1,0.37200000000000005,2.4,3.4,0.716,0.5,2.4,2.9,3.3,1.3,0.1,2.7,2.2,12.7,4.78,No,2004,33,Guard
Kevin Martin,79.0,77.0,31.8,7.2,15.5,0.462,4.9,9.1,0.542,2.2,6.4,0.34600000000000003,6.8,8.0,0.841,0.9,3.5,4.5,1.7,1.7,0.4,2.9,2.1,23.3,-3.74,No,2004,26,Guard
Lauri Markkanen,37.0,37.0,30.8,5.0,10.2,0.49200000000000005,3.1,5.8,0.545,1.9,4.4,0.423,3.7,4.4,0.835,2.4,4.8,7.2,0.9,0.4,0.5,1.1,2.0,15.6,7.63,No,2017,7,Forward
Jameer Nelson,125.0,125.0,34.5,5.6,12.4,0.45399999999999996,3.8,7.4,0.514,1.8,5.0,0.365,3.7,4.7,0.7859999999999999,1.0,3.6,4.6,5.7,2.0,0.1,3.0,2.2,16.8,4.12,No,2004,20,Guard
Chris Singleton,95.0,91.0,29.1,3.5,8.4,0.419,2.4,5.1,0.47600000000000003,1.1,3.3,0.33,2.1,3.5,0.5920000000000001,2.0,4.2,6.2,1.5,1.9,1.4,2.4,3.1,10.3,7.05,No,2011,18,Forward
Charles Jenkins,128.0,128.0,35.9,6.6,14.5,0.456,5.2,10.8,0.48200000000000004,1.4,3.7,0.382,5.0,6.2,0.8109999999999999,1.0,3.3,4.3,3.8,1.7,0.6,3.0,2.5,19.6,-1.45,No,2011,44,Guard
Alec Peters,134.0,134.0,31.7,5.9,12.1,0.48700000000000004,3.7,6.9,0.539,2.2,5.2,0.41600000000000004,3.6,4.2,0.846,2.0,5.5,7.4,1.5,0.8,0.3,1.9,2.1,17.5,-0.95,No,2017,54,Forward
Ivan Rabb,65.0,64.0,30.6,4.8,8.8,0.544,4.7,8.5,0.5489999999999999,0.1,0.3,0.409,3.5,5.2,0.6659999999999999,2.9,6.6,9.4,1.2,0.6,1.1,1.8,3.1,13.2,7.1,No,2017,35,Forward
Rafael Araujo,62.0,62.0,27.4,5.9,10.4,0.5670000000000001,5.7,9.8,0.5870000000000001,0.2,0.7,0.268,3.1,4.5,0.691,2.9,6.6,9.5,1.2,1.4,0.6,2.9,3.4,15.1,5.79,No,2004,8,Center
Isaiah Whitehead,56.0,52.0,30.5,5.1,13.6,0.375,3.0,7.8,0.387,2.1,5.8,0.359,3.5,4.6,0.757,0.7,3.0,3.7,4.5,1.3,1.1,3.4,2.3,15.8,7.92,No,2016,42,Guard
Melvin Frazier,94.0,69.0,27.7,3.8,7.9,0.48100000000000004,3.0,5.2,0.5720000000000001,0.9,2.8,0.312,2.1,3.2,0.653,1.2,3.2,4.4,1.7,1.6,0.5,2.0,2.0,10.6,3.37,No,2018,35,Guard
Landry Shamet,71.0,68.0,28.6,4.2,8.7,0.48,1.9,3.6,0.542,2.2,5.1,0.43700000000000006,2.3,2.8,0.8109999999999999,0.5,2.5,3.0,4.1,0.8,0.2,1.5,2.1,12.9,4.22,No,2018,26,Guard
Tony Wroten,35.0,27.0,30.3,5.7,12.8,0.44299999999999995,5.4,11.2,0.483,0.3,1.6,0.161,4.4,7.5,0.583,2.3,2.7,5.0,3.7,1.9,0.4,3.8,2.7,16.0,5.27,No,2012,25,Guard
Markel Brown,134.0,103.0,30.5,4.1,9.4,0.439,3.0,6.2,0.486,1.1,3.1,0.34700000000000003,3.0,4.1,0.733,0.8,3.5,4.3,2.3,1.0,0.8,1.8,2.1,12.4,7.74,No,2014,44,Guard
Kevon Looney,36.0,36.0,30.9,4.2,8.9,0.47,3.6,7.4,0.48100000000000004,0.6,1.5,0.415,2.6,4.1,0.626,3.4,5.8,9.2,1.4,1.3,0.9,1.3,2.9,11.6,8.27,No,2015,30,Forward
Tamar Slay,114.0,57.0,28.8,5.5,12.4,0.44299999999999995,3.3,6.7,0.491,2.2,5.7,0.386,2.5,3.4,0.7490000000000001,1.2,4.2,4.4,2.2,1.2,0.5,2.4,2.3,15.7,0.61,No,2002,54,Guard
Dwight Powell,136.0,105.0,26.2,3.8,8.2,0.46399999999999997,3.5,7.3,0.484,0.2,0.8,0.289,3.0,4.1,0.722,1.7,4.6,6.3,1.8,0.9,0.9,2.1,2.9,10.8,6.38,No,2014,45,Forward
Richaun Holmes,95.0,63.0,26.5,4.2,7.7,0.5539999999999999,3.9,6.8,0.58,0.3,0.9,0.353,2.7,3.8,0.6970000000000001,2.6,4.2,6.9,0.7,0.8,2.6,1.5,2.5,11.5,-1.07,No,2015,37,Forward
Eric Bledsoe,37.0,35.0,30.3,3.9,8.4,0.462,2.6,5.0,0.516,1.3,3.5,0.38299999999999995,2.2,3.3,0.667,0.5,2.6,3.1,2.9,1.4,0.3,3.0,2.2,11.3,6.82,No,2010,18,Guard
Kemba Walker,111.0,77.0,32.9,5.2,12.2,0.428,4.1,8.7,0.469,1.1,3.5,0.326,4.5,5.8,0.7829999999999999,1.0,3.4,4.4,4.1,1.7,0.3,2.3,1.5,16.1,9.39,Yes,2011,9,Guard
Lazar Hayward,138.0,118.0,26.4,4.8,10.7,0.452,3.6,7.3,0.49700000000000005,1.2,3.4,0.35700000000000004,2.6,3.3,0.789,2.2,4.4,6.6,0.9,1.1,0.3,1.7,2.7,13.5,7.79,No,2010,30,Forward
Tayshaun Prince,135.0,66.0,29.8,4.8,10.5,0.457,3.3,5.9,0.556,1.5,4.6,0.32899999999999996,2.0,2.7,0.743,1.9,4.5,5.6,1.9,0.8,1.1,1.7,1.4,13.1,11.42,No,2002,23,Forward
Chimezie Metu,104.0,71.0,27.0,4.8,8.9,0.5329999999999999,4.6,8.5,0.545,0.1,0.4,0.302,2.7,3.9,0.6920000000000001,1.8,4.5,6.3,1.2,0.7,1.6,1.7,2.5,12.3,6.78,No,2018,49,Forward
Al Horford,109.0,100.0,25.7,3.9,6.6,0.586,3.9,6.6,0.589,0.0,0.0,0.0,2.5,4.1,0.619,2.3,5.6,7.9,1.7,0.9,1.7,1.6,2.5,10.3,6.65,Yes,2007,3,Center
Drew Gooden,98.0,64.0,26.2,6.1,12.3,0.493,5.9,11.7,0.503,0.2,0.6,0.306,3.3,4.7,0.698,3.0,7.1,9.2,1.6,1.1,1.1,2.6,2.5,15.6,9.39,No,2002,4,Forward
Acie Law,122.0,106.0,30.8,5.0,10.6,0.466,4.0,8.0,0.502,0.9,2.6,0.35700000000000004,2.8,3.7,0.76,0.5,2.6,3.1,4.5,1.3,0.0,2.5,2.6,13.7,4.53,No,2007,11,Guard
Jeff Teague,61.0,52.0,30.9,5.2,11.2,0.462,3.9,8.2,0.47700000000000004,1.3,3.0,0.42100000000000004,4.8,5.9,0.812,0.5,2.5,3.0,3.0,1.9,0.6,3.0,2.3,16.4,8.09,Yes,2009,19,Guard
Kelly Olynyk,101.0,31.0,17.2,3.3,5.6,0.594,3.1,4.9,0.634,0.2,0.7,0.33299999999999996,2.0,2.8,0.7090000000000001,1.5,3.1,4.6,1.1,0.5,0.5,1.4,2.0,8.9,4.0,No,2013,13,Center
Nate Wolters,127.0,109.0,33.1,6.1,13.5,0.45,4.8,9.9,0.49,1.2,3.6,0.342,5.1,6.4,0.8029999999999999,0.9,3.8,4.7,5.3,1.5,0.2,2.2,1.8,18.5,-3.55,No,2013,38,Guard
Malik Hairston,117.0,115.0,31.2,5.2,10.4,0.504,4.0,7.2,0.551,1.2,3.1,0.395,2.4,3.7,0.643,2.0,3.1,5.1,2.1,0.6,0.6,2.0,2.5,14.1,6.87,No,2008,48,Guard
Lorenzo Brown,101.0,95.0,32.6,4.1,9.5,0.429,3.4,7.4,0.46399999999999997,0.6,2.1,0.305,2.8,3.8,0.741,0.7,3.5,4.2,5.8,1.7,0.5,3.0,1.9,11.6,6.92,No,2013,52,Guard
Donte DiVincenzo,85.0,12.0,25.4,3.6,7.6,0.469,2.0,3.6,0.573,1.5,4.0,0.37799999999999995,1.6,2.2,0.705,1.1,2.9,4.0,2.4,0.9,0.2,1.6,1.8,10.2,9.74,No,2018,17,Guard
Arron Afflalo,104.0,103.0,32.7,5.0,10.9,0.457,3.0,5.5,0.539,2.0,5.4,0.373,2.8,3.6,0.7809999999999999,0.6,2.8,3.5,1.9,0.6,0.2,2.0,2.1,14.8,8.4,No,2007,27,Guard
Jeff Green,102.0,102.0,33.2,4.8,9.7,0.488,3.9,7.3,0.531,0.9,2.4,0.359,2.7,3.9,0.7,2.1,4.4,6.5,3.1,0.9,1.2,2.5,2.5,13.1,7.65,No,2007,5,Forward
James Young,40.0,39.0,32.4,4.6,11.3,0.40700000000000003,2.5,5.4,0.47,2.1,5.9,0.349,3.1,4.4,0.706,1.0,3.3,4.3,1.7,0.8,0.2,1.9,2.1,14.3,9.89,No,2014,17,Guard
Matt Freije,121.0,111.0,28.7,5.2,11.7,0.44799999999999995,3.7,7.4,0.501,1.5,4.3,0.355,3.7,4.7,0.7859999999999999,1.6,3.3,4.9,0.9,0.7,0.6,1.4,2.2,15.6,8.36,No,2004,53,Forward
Kyrie Irving,11.0,8.0,27.5,5.0,9.5,0.529,3.4,5.9,0.569,1.6,3.5,0.462,5.8,6.5,0.9009999999999999,0.5,2.8,3.4,4.3,1.5,0.5,2.5,2.1,17.5,8.31,Yes,2011,1,Guard
Jerryd Bayless,30.0,30.0,35.7,5.8,12.6,0.45799999999999996,3.8,7.8,0.489,2.0,4.8,0.40700000000000003,6.2,7.4,0.8390000000000001,0.4,2.3,2.7,4.0,1.0,0.1,3.0,2.2,19.7,10.22,No,2008,11,Guard
Will Solomon,94.0,28.0,29.1,5.0,12.7,0.392,2.7,6.5,0.418,2.3,6.2,0.366,3.0,4.1,0.7170000000000001,0.6,2.3,2.8,2.6,1.2,0.4,3.4,2.5,15.2,7.43,No,2001,33,Guard
Gabe Pruitt,80.0,70.0,32.4,4.5,10.2,0.43799999999999994,2.2,4.5,0.496,2.2,5.7,0.39299999999999996,2.6,3.3,0.778,0.6,2.5,3.1,3.5,2.0,0.2,2.4,2.3,13.8,6.92,No,2007,32,Guard
Shai Gilgeous-Alexander,37.0,24.0,33.7,4.9,10.2,0.485,4.3,8.6,0.5,0.6,1.5,0.40399999999999997,3.9,4.7,0.8170000000000001,0.9,3.2,4.1,5.1,1.6,0.5,2.7,1.7,14.4,10.73,No,2018,11,Guard
Jimmer Fredette,139.0,102.0,29.6,6.0,13.3,0.455,3.9,7.8,0.49700000000000005,2.1,5.4,0.39399999999999996,4.5,5.1,0.882,0.5,2.1,2.6,3.7,1.2,0.1,2.5,1.2,18.7,3.56,No,2011,10,Guard
Wade Baldwin,68.0,54.0,29.6,3.4,8.0,0.431,2.2,5.1,0.436,1.2,2.9,0.42200000000000004,3.5,4.4,0.8,0.4,3.6,4.1,4.8,1.3,0.2,2.3,2.5,11.6,7.45,No,2016,17,Guard
Joel Bolomboy,130.0,90.0,28.8,3.8,7.2,0.528,3.5,6.4,0.547,0.3,0.7,0.371,3.6,5.0,0.713,3.2,6.9,10.1,0.7,0.6,1.4,2.0,2.3,11.4,-4.62,No,2016,52,Forward
Nick Young,96.0,90.0,31.1,5.8,11.9,0.484,4.8,9.2,0.518,1.0,2.7,0.368,3.0,3.9,0.764,1.7,3.3,5.1,1.4,0.8,0.3,2.1,2.5,15.5,6.92,No,2007,16,Guard
Tyler Ennis,34.0,34.0,35.7,4.4,10.6,0.41100000000000003,3.5,8.1,0.429,0.9,2.5,0.353,3.4,4.4,0.765,0.8,2.6,3.4,5.5,2.1,0.2,1.7,2.0,12.9,7.25,No,2014,18,Guard
Marquis Teague,40.0,40.0,32.6,3.6,8.8,0.41200000000000003,3.0,6.8,0.43799999999999994,0.7,2.0,0.325,2.1,3.0,0.7140000000000001,0.4,2.1,2.5,4.8,0.9,0.3,2.7,2.3,10.0,7.93,No,2012,29,Guard
Mike Conley,39.0,39.0,31.6,4.1,7.9,0.518,3.6,6.2,0.579,0.5,1.8,0.304,2.6,3.7,0.6940000000000001,0.7,2.7,3.4,6.1,2.2,0.3,2.2,1.5,11.3,9.03,No,2007,4,Guard
Kyle Kuzma,96.0,64.0,21.0,3.9,7.7,0.506,3.3,5.9,0.5670000000000001,0.5,1.8,0.302,1.8,2.8,0.633,1.6,3.9,5.5,1.5,0.3,0.4,1.6,1.6,10.1,6.84,No,2017,27,Forward
Michael Carter-Williams,66.0,40.0,25.4,2.7,6.8,0.39799999999999996,2.1,4.8,0.43799999999999994,0.6,2.1,0.307,2.2,3.2,0.679,0.9,2.7,3.6,5.2,2.0,0.4,2.3,1.8,8.2,8.29,No,2013,11,Guard
Kendall Marshall,73.0,55.0,28.8,2.5,5.6,0.446,1.8,3.8,0.484,0.7,1.8,0.366,1.5,2.2,0.693,0.2,2.2,2.3,8.0,1.1,0.1,2.6,1.5,7.2,8.61,No,2012,13,Guard
Jimmy Butler,106.0,69.0,29.6,3.7,7.2,0.508,3.3,6.4,0.525,0.3,0.9,0.38299999999999995,4.3,5.6,0.773,2.3,3.1,5.5,1.7,1.1,0.5,1.0,1.7,12.0,8.21,Yes,2011,30,Forward
Charlie Villanueva,63.0,35.0,22.3,4.3,8.3,0.518,3.9,7.4,0.534,0.4,1.0,0.39299999999999996,2.2,3.2,0.6809999999999999,2.2,4.6,6.7,1.0,0.4,1.7,1.7,2.2,11.2,7.7,No,2005,7,Forward
Curtis Borchardt,66.0,29.0,21.6,3.5,6.6,0.534,3.3,6.0,0.551,0.2,0.6,0.375,2.9,4.2,0.691,2.8,6.0,7.2,1.2,0.4,2.2,1.4,2.3,10.2,8.67,No,2002,18,Center
Dion Waiters,71.0,0.0,20.4,3.5,7.7,0.45299999999999996,2.5,4.9,0.513,1.0,2.8,0.348,1.8,2.3,0.753,0.4,1.5,1.9,2.0,1.5,0.2,1.1,1.6,9.7,8.4,No,2012,4,Guard
Troy Murphy,94.0,29.0,35.1,7.2,14.6,0.496,6.6,12.5,0.522,0.7,2.0,0.335,6.2,8.0,0.777,3.1,6.1,9.8,1.7,1.2,1.3,3.0,2.9,21.4,6.35,No,2001,14,Forward
Darius Morris,67.0,53.0,29.8,3.8,8.0,0.469,3.4,6.5,0.528,0.3,1.5,0.223,2.0,2.9,0.695,0.7,2.3,2.9,4.8,0.8,0.1,2.3,2.0,9.9,10.03,No,2011,41,Guard
Tyreke Evans,37.0,35.0,29.0,6.2,13.6,0.455,5.3,10.3,0.514,0.9,3.4,0.27399999999999997,3.7,5.2,0.711,1.3,4.1,5.4,3.9,2.1,0.8,3.6,2.4,17.1,4.63,No,2009,4,Guard
Chandler Hutchison,123.0,89.0,24.0,4.3,8.9,0.47600000000000003,3.6,7.1,0.508,0.6,1.8,0.353,2.9,4.2,0.687,1.1,4.3,5.5,2.1,1.0,0.2,1.9,2.2,12.0,2.57,No,2018,22,Guard
Thaddeus Young,31.0,31.0,29.6,5.7,11.9,0.478,4.5,8.9,0.498,1.3,3.0,0.419,1.7,2.3,0.743,2.3,2.5,4.9,2.0,1.3,0.4,2.2,2.0,14.4,9.36,No,2007,12,Forward
Josh McRoberts,69.0,63.0,29.7,4.0,7.5,0.54,3.9,7.0,0.5589999999999999,0.1,0.5,0.278,2.5,3.8,0.664,1.9,4.6,6.5,2.4,1.2,1.9,1.9,2.8,10.8,9.63,No,2007,37,Forward
Nick Calathes,72.0,71.0,33.0,5.3,11.6,0.455,3.5,6.8,0.507,1.8,4.8,0.38,3.9,5.4,0.715,1.0,4.3,5.3,6.3,1.8,0.1,3.1,2.0,16.3,4.43,No,2009,45,Guard
Guillermo Diaz,93.0,81.0,32.6,5.5,12.4,0.44799999999999995,3.7,7.5,0.493,1.9,4.9,0.38,2.9,3.9,0.74,0.9,2.5,3.4,2.6,1.3,0.3,2.1,1.8,15.9,6.02,No,2006,52,Guard
Terrence Ross,69.0,39.0,24.4,4.6,10.1,0.45299999999999996,2.9,5.5,0.528,1.7,4.6,0.364,1.4,1.8,0.764,1.1,3.5,4.7,1.2,0.9,0.7,1.4,2.4,12.3,6.51,No,2012,8,Forward
Malachi Richardson,37.0,37.0,34.4,4.1,11.1,0.369,2.0,5.1,0.38799999999999996,2.1,6.1,0.353,3.1,4.2,0.72,0.5,3.8,4.3,2.1,1.1,0.3,2.1,2.5,13.4,9.75,No,2016,22,Guard
Nick Collison,142.0,130.0,27.4,6.0,10.7,0.562,5.9,10.3,0.5710000000000001,0.2,0.5,0.359,2.5,4.0,0.624,3.0,5.4,8.0,1.8,1.1,1.7,2.4,2.9,14.8,9.68,No,2003,12,Forward
Vincent Yarbrough,127.0,125.0,30.4,4.8,11.0,0.44,3.4,6.8,0.5,1.4,4.1,0.34,2.6,3.8,0.687,2.2,5.3,6.8,2.3,1.7,1.0,2.2,1.9,13.7,8.94,No,2002,33,Guard
Andre Drummond,34.0,30.0,28.4,4.6,8.6,0.5379999999999999,4.6,8.5,0.541,0.0,0.1,0.0,0.8,2.6,0.295,3.4,4.2,7.6,0.4,0.8,2.7,1.5,2.2,10.0,8.07,Yes,2012,9,Center
Terence Morris,136.0,36.0,29.8,4.7,9.6,0.495,4.0,7.4,0.542,0.7,2.2,0.33799999999999997,2.5,3.2,0.78,2.5,5.2,6.8,1.7,1.2,1.9,2.2,1.9,12.7,10.41,No,2001,34,Forward
Shelvin Mack,108.0,107.0,31.2,4.8,11.4,0.419,2.8,5.8,0.48,2.0,5.6,0.35700000000000004,2.6,3.4,0.755,0.8,3.4,4.2,3.3,1.1,0.1,2.2,1.9,14.1,4.05,No,2011,34,Guard
Chris Bosh,31.0,31.0,31.0,5.4,9.7,0.56,4.7,8.2,0.575,0.7,1.5,0.478,4.1,5.6,0.73,3.1,5.9,9.0,1.2,1.0,2.2,2.3,2.4,15.6,7.94,Yes,2003,4,Forward
Jordan Farmar,66.0,66.0,32.2,4.4,10.8,0.41,3.0,6.4,0.46299999999999997,1.5,4.4,0.33299999999999996,3.0,4.0,0.76,0.6,2.4,3.0,5.2,1.2,0.2,3.8,2.1,13.3,7.68,No,2006,26,Guard
Jakob Poeltl,70.0,70.0,26.9,5.1,7.7,0.6579999999999999,5.1,7.7,0.659,0.0,0.0,0.0,3.1,5.2,0.605,2.8,5.2,8.0,1.3,0.5,1.7,1.8,2.4,13.3,8.1,No,2016,9,Center
Kyle Weaver,121.0,103.0,29.8,3.3,7.2,0.46399999999999997,3.0,5.9,0.505,0.4,1.3,0.27699999999999997,2.6,3.6,0.716,1.3,3.4,4.7,3.8,1.6,0.8,2.6,2.0,9.6,6.88,No,2008,38,Guard
Dante Cunningham,139.0,104.0,27.2,3.7,7.1,0.524,3.7,7.0,0.525,0.0,0.0,0.33299999999999996,2.2,3.2,0.693,2.5,3.4,5.9,1.0,1.2,0.8,1.8,2.8,9.6,8.7,No,2009,33,Forward
Alex Acker,88.0,80.0,34.4,5.1,11.2,0.457,3.7,7.9,0.47600000000000003,1.4,3.3,0.41100000000000003,2.9,3.5,0.823,1.5,4.1,5.6,2.8,1.5,0.4,2.6,1.9,14.5,1.8,No,2005,60,Guard
Josh Huestis,135.0,75.0,25.0,2.9,6.4,0.451,2.4,4.9,0.49200000000000005,0.5,1.5,0.319,1.3,2.1,0.61,2.2,4.0,6.2,0.8,0.5,1.4,0.9,1.7,7.5,6.38,No,2014,29,Forward
Devonte' Graham,142.0,111.0,31.7,3.8,9.1,0.42200000000000004,1.8,4.0,0.43700000000000006,2.1,5.1,0.409,2.5,3.2,0.787,0.4,2.7,3.1,4.5,1.4,0.1,1.9,1.7,12.3,11.86,No,2018,34,Guard
Maurice Harkless,32.0,32.0,36.1,6.0,13.3,0.452,5.5,10.9,0.506,0.5,2.5,0.215,2.9,4.3,0.6759999999999999,2.8,5.9,8.6,1.5,1.6,1.4,2.5,2.3,15.5,6.98,No,2012,15,Forward
Chris Duhon,144.0,113.0,33.4,3.0,7.2,0.418,1.9,3.7,0.511,1.1,3.5,0.321,1.7,2.4,0.693,0.8,2.6,3.4,5.7,2.1,0.1,2.5,1.9,8.8,10.09,No,2004,38,Guard
Elfrid Payton,100.0,78.0,31.6,5.0,10.3,0.485,4.7,9.2,0.512,0.3,1.1,0.268,3.9,6.5,0.611,1.5,3.6,5.1,4.9,2.0,0.5,3.4,2.3,14.3,-1.6,No,2014,10,Guard
Roy Hibbert,136.0,121.0,23.3,4.2,7.0,0.603,4.2,7.0,0.602,0.0,0.0,1.0,2.4,3.5,0.68,2.3,3.7,5.9,1.3,0.4,1.9,1.5,2.5,10.9,7.54,Yes,2008,17,Center
Anthony Davis,124.0,115.0,30.1,4.9,11.6,0.42,3.7,8.0,0.47,1.1,3.6,0.311,2.4,3.3,0.728,1.4,3.0,4.4,2.3,1.6,0.3,2.0,2.2,13.3,-1.59,Yes,2012,1,Forward
Zach Randolph,33.0,8.0,19.8,4.2,7.1,0.5870000000000001,4.2,7.1,0.59,0.0,0.0,0.0,2.4,3.8,0.635,3.1,3.6,6.7,1.0,0.7,0.7,1.6,1.8,10.8,9.54,Yes,2001,19,Forward
Jalen Brunson,116.0,115.0,28.9,5.0,9.8,0.51,3.5,5.9,0.5870000000000001,1.5,3.9,0.39299999999999996,2.9,3.5,0.82,0.4,2.1,2.5,3.7,0.8,0.0,1.9,1.8,14.4,9.74,No,2018,33,Guard
Semaj Christon,64.0,63.0,34.8,5.7,12.3,0.462,5.3,11.1,0.47600000000000003,0.4,1.2,0.33799999999999997,4.4,6.6,0.67,0.3,2.5,2.8,4.4,1.4,0.2,3.1,2.4,16.2,6.55,No,2014,55,Guard
Trae Young,32.0,32.0,35.4,8.2,19.3,0.42200000000000004,4.5,9.1,0.493,3.7,10.3,0.36,7.4,8.6,0.861,0.4,3.5,3.9,8.7,1.7,0.3,5.2,1.8,27.4,10.56,No,2018,5,Guard
Mo Williams,64.0,64.0,33.7,4.4,10.9,0.405,3.0,6.1,0.49200000000000005,1.4,4.8,0.294,2.8,3.4,0.847,1.0,2.9,3.9,4.2,1.5,0.1,3.0,2.4,13.1,8.53,Yes,2003,47,Guard
Jermaine Taylor,122.0,60.0,25.8,5.8,12.5,0.466,3.8,7.0,0.536,2.1,5.5,0.376,2.5,3.3,0.764,1.5,2.3,3.9,1.4,0.9,0.4,2.2,1.7,16.2,0.56,No,2009,32,Guard
Luol Deng,37.0,32.0,31.1,5.7,11.9,0.47600000000000003,4.6,8.9,0.515,1.1,3.0,0.36,2.6,3.7,0.71,2.2,4.7,6.9,1.8,1.3,1.1,2.2,2.2,15.1,10.86,Yes,2004,7,Forward
Hassan Whiteside,34.0,23.0,26.1,4.9,9.4,0.524,4.8,9.2,0.522,0.1,0.1,0.6,3.2,5.5,0.588,2.7,6.2,8.9,0.3,0.6,5.4,1.9,2.4,13.1,1.57,No,2010,33,Center
Rodney Carney,133.0,101.0,27.6,5.0,11.9,0.415,2.8,6.0,0.46799999999999997,2.2,6.0,0.36200000000000004,2.2,3.1,0.7170000000000001,1.5,3.4,4.9,1.2,1.0,1.0,1.4,2.1,14.3,5.22,No,2006,16,Forward
Jae Crowder,72.0,52.0,30.2,5.2,10.6,0.49200000000000005,3.8,6.5,0.581,1.4,4.1,0.35,2.7,4.0,0.6829999999999999,2.1,5.4,7.6,1.8,1.9,0.9,1.0,2.5,14.6,8.0,No,2012,34,Forward
Francisco Garcia,98.0,80.0,28.1,4.7,10.5,0.44799999999999995,2.9,5.5,0.519,1.8,5.0,0.369,3.2,3.7,0.8490000000000001,1.2,2.7,3.9,3.5,1.5,1.4,2.4,2.7,14.4,6.66,No,2005,23,Forward
Jawun Evans,54.0,52.0,29.1,5.7,12.7,0.44799999999999995,4.7,10.2,0.45799999999999996,1.0,2.5,0.40700000000000003,4.2,5.1,0.818,0.6,3.2,3.8,5.8,1.5,0.1,2.7,2.4,16.6,10.51,No,2017,39,Guard
Keith Bogans,135.0,99.0,29.0,5.0,11.4,0.43700000000000006,3.1,5.9,0.527,1.9,5.5,0.342,2.4,3.5,0.688,1.6,2.7,4.1,2.3,1.1,0.1,2.3,2.0,14.2,11.27,No,2003,43,Guard
Leon Powe,54.0,53.0,32.5,5.9,12.0,0.49200000000000005,5.9,11.9,0.495,0.1,0.2,0.3,5.9,8.8,0.672,3.4,6.4,9.8,1.1,0.8,0.6,2.2,2.4,17.8,7.74,No,2006,49,Forward
John Collins,64.0,34.0,20.7,4.9,8.2,0.601,4.9,8.2,0.602,0.0,0.0,0.0,3.6,4.9,0.7290000000000001,2.8,4.2,7.0,0.4,0.5,1.2,1.4,2.8,13.4,10.16,No,2017,19,Forward
Justise Winslow,39.0,39.0,29.1,4.4,9.1,0.486,3.3,6.3,0.516,1.2,2.8,0.418,2.6,4.0,0.6409999999999999,1.3,5.2,6.5,2.1,1.3,0.9,1.8,2.8,12.6,9.87,No,2015,10,Forward
Michael Beasley,33.0,33.0,31.5,9.3,17.5,0.532,8.2,14.6,0.562,1.1,2.9,0.379,6.5,8.5,0.774,4.0,8.4,12.4,1.2,1.3,1.6,2.9,2.6,26.2,7.79,No,2008,2,Forward
Josh Okogie,61.0,61.0,33.0,5.4,12.3,0.43700000000000006,4.3,9.4,0.45399999999999996,1.1,2.8,0.382,5.1,6.6,0.777,1.8,4.0,5.8,2.0,1.5,0.8,2.3,2.7,16.9,7.84,No,2018,20,Guard
Tyrus Thomas,32.0,21.0,25.9,4.8,7.8,0.608,4.7,7.8,0.606,0.0,0.0,1.0,2.8,4.3,0.657,2.8,6.4,9.2,1.3,1.0,3.1,1.8,2.6,12.3,8.77,No,2006,4,Forward
Rajon Rondo,68.0,62.0,28.1,3.7,7.4,0.493,3.3,6.0,0.544,0.4,1.5,0.28300000000000003,1.9,3.3,0.5770000000000001,0.8,3.7,4.5,4.2,2.3,0.2,2.2,2.0,9.6,8.49,Yes,2006,21,Guard
Keita Bates-Diop,109.0,70.0,24.8,4.3,9.1,0.47200000000000003,3.2,5.9,0.537,1.1,3.2,0.35200000000000004,1.9,2.5,0.7759999999999999,1.1,4.6,5.7,1.1,0.6,1.2,1.2,1.4,11.7,7.69,No,2018,48,Forward
Raymond Felton,101.0,100.0,33.9,4.1,9.7,0.423,2.4,5.1,0.467,1.7,4.6,0.375,2.6,3.5,0.731,0.7,3.4,4.1,6.9,1.9,0.3,3.6,2.3,12.5,11.0,No,2005,5,Guard
Marcus Haislip,89.0,25.0,17.1,3.1,5.9,0.53,2.7,4.7,0.568,0.4,1.1,0.373,1.7,2.5,0.705,1.4,2.9,3.4,0.5,0.3,1.3,1.1,2.4,8.4,9.77,No,2002,13,Forward
Michael Kidd-Gilchrist,40.0,39.0,31.1,4.0,8.2,0.491,3.7,6.9,0.535,0.3,1.3,0.255,3.6,4.8,0.745,2.6,4.9,7.4,1.9,1.0,0.9,2.2,2.4,11.9,7.93,No,2012,2,Forward
Kim English,141.0,106.0,24.2,3.7,8.7,0.42,2.0,4.4,0.444,1.7,4.3,0.39399999999999996,2.1,2.9,0.727,0.7,2.4,3.0,1.4,1.1,0.2,1.7,1.8,11.1,6.32,No,2012,44,Guard
Thomas Bryant,69.0,69.0,25.3,4.4,7.5,0.5920000000000001,4.0,6.4,0.63,0.4,1.1,0.373,3.0,4.1,0.718,2.1,4.1,6.2,1.2,0.6,1.2,2.0,2.9,12.2,7.53,No,2017,42,Center
David Noel,127.0,51.0,23.2,2.7,5.2,0.532,2.2,3.7,0.6,0.5,1.4,0.354,0.9,1.6,0.5870000000000001,1.6,2.7,4.3,1.9,1.1,0.5,1.7,2.0,6.9,10.19,No,2006,39,Forward
Brian Cook,132.0,99.0,25.7,4.8,9.4,0.51,4.1,7.3,0.5579999999999999,0.7,2.1,0.33899999999999997,2.9,3.7,0.7929999999999999,1.8,4.9,6.2,1.3,0.7,1.0,2.0,3.0,13.2,9.42,No,2003,24,Forward
Casey Jacobsen,95.0,64.0,31.8,5.8,12.2,0.47,3.4,6.8,0.505,2.3,5.5,0.42700000000000005,4.3,5.6,0.7709999999999999,1.1,3.1,3.8,2.7,0.5,0.1,2.0,1.4,18.1,8.67,No,2002,22,Guard
A.J. Hammons,132.0,95.0,24.3,4.6,8.6,0.539,4.6,8.4,0.544,0.0,0.2,0.261,2.7,4.0,0.69,2.4,4.7,7.0,0.8,0.4,2.6,2.1,2.5,12.1,7.64,No,2016,46,Center
Austin Daye,67.0,34.0,22.5,4.1,8.6,0.47700000000000004,3.2,6.4,0.495,0.9,2.2,0.42200000000000004,2.5,3.1,0.79,0.9,4.9,5.8,1.0,0.7,1.9,1.9,2.6,11.6,2.85,No,2009,15,Forward
P.J. Tucker,87.0,69.0,28.9,5.0,9.6,0.526,5.0,9.5,0.527,0.0,0.0,0.5,3.3,4.7,0.711,3.1,5.1,8.2,2.0,1.3,0.3,2.2,2.5,13.4,7.65,No,2006,35,Forward
Kevin Knox,37.0,37.0,32.4,5.3,11.9,0.445,3.8,7.4,0.509,1.5,4.5,0.341,3.4,4.4,0.774,0.9,4.5,5.4,1.4,0.8,0.3,2.3,2.2,15.6,10.73,No,2018,9,Forward
Joe Harris,15.0,1.0,10.1,1.3,2.8,0.452,0.7,1.2,0.556,0.6,1.6,0.375,0.0,0.3,0.0,0.6,1.0,1.6,0.3,0.2,0.0,0.4,0.7,3.1,-4.83,No,2014,33,Guard
James Ennis,67.0,66.0,31.0,4.5,9.0,0.493,3.0,4.9,0.611,1.5,4.1,0.354,2.8,3.6,0.7879999999999999,1.6,3.8,5.4,2.4,1.7,1.0,2.5,2.4,13.2,1.39,No,2013,50,Forward
Paul Davis,130.0,97.0,25.8,4.7,8.8,0.5379999999999999,4.6,8.4,0.5489999999999999,0.1,0.4,0.271,3.7,4.8,0.763,2.1,4.9,7.0,1.4,1.1,0.7,2.1,2.6,13.2,8.19,No,2006,34,Center
DeMarcus Cousins,38.0,37.0,23.5,5.4,9.7,0.5579999999999999,5.4,9.6,0.565,0.0,0.2,0.16699999999999998,4.3,7.1,0.604,4.1,5.8,9.8,1.0,1.0,1.8,2.1,3.2,15.1,6.82,Yes,2010,5,Center
Quincy Miller,37.0,35.0,24.4,3.7,8.4,0.447,3.1,6.5,0.475,0.6,1.9,0.348,2.5,3.1,0.816,1.5,3.5,4.9,1.4,0.7,0.6,1.8,1.9,10.6,8.03,No,2012,38,Forward
Travis Diener,120.0,89.0,31.4,4.3,10.2,0.41600000000000004,1.9,4.5,0.42,2.4,5.7,0.413,3.2,3.8,0.8370000000000001,0.5,2.6,3.1,5.1,1.3,0.1,1.9,2.1,14.1,5.22,No,2005,38,Guard
Tyler Ulis,72.0,35.0,30.1,3.6,8.4,0.42700000000000005,2.4,5.1,0.462,1.2,3.3,0.371,2.9,3.4,0.846,0.5,1.9,2.4,5.3,1.2,0.1,1.5,1.7,11.3,8.76,No,2016,34,Guard
Will Barton,70.0,59.0,32.9,5.7,12.0,0.47100000000000003,4.6,8.4,0.546,1.1,3.6,0.299,2.7,3.7,0.733,1.7,4.8,6.5,2.9,1.5,0.6,2.3,2.2,15.2,4.2,No,2012,40,Guard
Roger Mason,89.0,57.0,29.6,4.4,10.0,0.436,2.8,5.9,0.479,1.5,4.1,0.375,3.6,4.1,0.8690000000000001,0.8,2.7,3.0,2.6,1.0,0.4,2.2,2.3,13.8,7.61,No,2002,31,Guard
Tito Maddox,25.0,24.0,32.3,4.4,11.2,0.391,3.6,8.4,0.42700000000000005,0.8,2.8,0.28600000000000003,3.9,5.5,0.703,1.2,4.5,5.8,8.0,1.6,0.2,5.2,2.7,13.5,5.14,No,2002,38,Guard
Eric Gordon,32.0,32.0,34.7,5.8,13.3,0.433,3.6,6.8,0.525,2.2,6.5,0.337,7.2,8.7,0.8340000000000001,0.7,2.5,3.3,2.4,1.3,0.6,3.6,2.2,20.9,6.08,No,2008,7,Guard
Willie Warren,57.0,53.0,31.7,4.9,10.6,0.45899999999999996,3.2,5.8,0.55,1.7,4.9,0.35,3.8,4.8,0.7879999999999999,0.6,2.1,2.6,3.5,1.1,0.1,2.8,2.3,15.2,7.33,No,2010,54,Guard
Travis Hansen,86.0,71.0,27.4,4.3,9.8,0.434,3.4,7.4,0.455,0.9,2.4,0.369,3.8,4.9,0.774,1.4,3.4,4.8,1.7,0.7,0.4,2.0,2.8,13.2,4.7,No,2003,37,Guard
Mike Sweetney,96.0,95.0,29.0,6.3,11.6,0.544,6.3,11.6,0.546,0.0,0.0,0.0,5.6,7.7,0.727,3.6,5.6,9.2,1.8,1.1,1.9,2.5,2.3,18.2,4.02,No,2003,9,Forward
Chris Wilcox,70.0,27.0,16.6,3.2,6.2,0.52,3.2,6.1,0.522,0.0,0.0,0.0,1.5,2.6,0.589,1.8,3.0,4.7,1.0,0.5,1.0,1.0,2.0,7.9,10.19,No,2002,8,Forward
Jared Cunningham,33.0,12.0,14.8,1.8,4.9,0.377,1.1,2.6,0.419,0.8,2.3,0.32899999999999996,0.7,1.0,0.75,0.7,1.9,2.6,0.4,0.4,0.4,0.7,2.1,5.2,2.12,No,2012,24,Guard
Earl Watson,129.0,32.0,34.5,4.0,8.9,0.45,3.0,5.9,0.507,1.0,3.0,0.341,2.2,3.3,0.654,1.3,2.3,3.8,4.7,1.8,0.4,3.5,2.2,11.2,10.51,No,2001,40,Guard
Mohamed Bamba,30.0,29.0,30.2,4.9,9.0,0.541,4.4,7.3,0.603,0.5,1.7,0.275,2.7,4.0,0.6809999999999999,3.2,7.3,10.5,0.5,0.8,3.7,1.5,2.5,12.9,10.67,No,2018,6,Center
Steve Blake,138.0,103.0,31.3,2.7,6.8,0.401,1.4,3.3,0.423,1.3,3.5,0.381,1.5,2.0,0.7709999999999999,0.7,2.8,3.4,7.0,1.7,0.3,3.3,2.1,8.3,9.34,No,2003,38,Guard
Joel Embiid,28.0,20.0,23.1,3.8,6.1,0.626,3.8,5.9,0.639,0.0,0.2,0.2,3.5,5.1,0.685,2.3,5.8,8.1,1.4,0.9,2.6,2.4,3.4,11.2,11.4,Yes,2014,3,Center
Darnell Jackson,125.0,39.0,16.6,2.5,4.3,0.58,2.5,4.2,0.583,0.0,0.0,0.33299999999999996,1.8,2.6,0.685,1.7,3.2,4.9,0.5,0.5,0.4,1.0,1.8,6.8,8.38,No,2008,52,Forward
John Salmons,124.0,61.0,30.8,3.6,7.7,0.466,2.9,5.5,0.523,0.7,2.2,0.321,2.5,3.1,0.805,2.0,4.0,5.5,3.5,1.5,0.7,2.6,2.5,10.4,6.25,No,2002,26,Guard
Kris Joseph,140.0,77.0,26.6,3.5,7.8,0.449,2.7,5.4,0.501,0.8,2.4,0.331,2.7,3.9,0.7020000000000001,1.3,3.2,4.5,1.5,1.3,0.5,1.6,1.6,10.5,8.37,No,2012,51,Forward
Justin Harper,137.0,96.0,22.9,3.9,8.1,0.483,2.6,4.7,0.557,1.3,3.4,0.382,1.5,2.1,0.711,1.4,3.3,4.8,0.7,0.6,0.8,1.3,2.2,10.6,2.46,No,2011,32,Forward
Sonny Weems,69.0,66.0,31.2,5.2,11.0,0.473,3.8,7.3,0.527,1.3,3.7,0.366,1.6,2.1,0.767,1.6,3.0,4.6,2.3,1.3,0.3,2.7,2.0,13.3,7.74,No,2008,39,Guard
Andrew Bogut,68.0,68.0,32.7,6.6,10.9,0.603,6.4,10.4,0.616,0.2,0.5,0.361,3.2,4.7,0.674,3.5,7.6,11.1,2.3,0.7,1.6,2.7,2.3,16.6,4.53,No,2005,1,Center
Jamaal Tinsley,68.0,68.0,32.5,4.2,10.8,0.38799999999999996,3.4,8.4,0.405,0.8,2.3,0.327,3.4,4.9,0.685,0.6,3.2,4.5,6.3,2.6,0.8,4.0,2.9,12.5,6.0,No,2001,27,Guard
Dejounte Murray,34.0,34.0,33.5,5.9,14.3,0.41600000000000004,4.9,10.8,0.457,1.0,3.5,0.28800000000000003,3.2,4.9,0.6629999999999999,1.4,4.6,6.0,4.4,1.8,0.3,3.2,2.6,16.1,8.12,No,2016,29,Guard
Kevin Huerter,65.0,65.0,31.9,4.2,9.0,0.466,2.1,3.6,0.5720000000000001,2.1,5.4,0.39399999999999996,1.5,2.0,0.748,0.8,4.2,5.0,3.0,0.8,0.7,1.9,2.1,12.0,8.11,No,2018,19,Guard
Joe Johnson,53.0,41.0,30.3,5.7,12.2,0.466,4.5,9.3,0.485,1.2,2.9,0.406,2.4,3.2,0.753,2.2,4.2,6.1,2.4,1.7,0.5,2.5,1.7,15.0,6.96,Yes,2001,10,Guard
Brandon Hunter,119.0,86.0,32.6,5.9,11.6,0.51,5.6,10.7,0.525,0.3,1.0,0.33899999999999997,4.7,7.8,0.608,2.7,7.7,9.3,2.1,0.8,0.7,3.4,2.6,16.9,1.82,No,2003,56,Forward
Caron Butler,63.0,62.0,34.5,6.4,13.8,0.465,5.7,11.9,0.48200000000000004,0.7,1.9,0.364,4.5,5.9,0.768,3.3,4.3,7.6,3.0,2.1,0.3,2.7,2.4,18.0,6.43,Yes,2002,10,Forward
Khris Middleton,87.0,72.0,26.0,3.9,9.1,0.431,2.9,5.8,0.494,1.1,3.3,0.321,2.4,3.1,0.768,1.5,3.0,4.6,2.0,1.0,0.2,2.0,2.1,11.3,7.42,Yes,2012,39,Forward
Ronny Turiaf,127.0,73.0,25.5,4.2,8.2,0.518,4.2,8.0,0.524,0.0,0.1,0.222,5.1,7.1,0.715,2.1,4.7,6.8,1.0,0.5,1.4,2.1,2.9,13.6,3.06,No,2005,37,Forward
Antonio Burks,91.0,80.0,30.6,4.3,9.2,0.469,3.6,7.4,0.484,0.7,1.7,0.401,2.0,3.0,0.6729999999999999,0.5,2.1,2.6,5.4,1.9,0.2,2.3,2.3,11.3,5.31,No,2004,36,Guard
Ryan Anderson,66.0,66.0,33.0,6.3,13.1,0.484,4.5,8.5,0.532,1.8,4.7,0.396,4.2,5.0,0.841,2.7,6.3,9.0,1.0,0.5,0.5,1.8,2.5,18.7,8.56,No,2008,21,Forward
Josh Harrellson,94.0,40.0,15.8,2.0,3.6,0.5489999999999999,1.9,3.3,0.5710000000000001,0.1,0.3,0.31,0.6,1.0,0.649,1.9,2.8,4.7,0.4,0.5,0.9,0.6,1.4,4.7,6.85,No,2011,45,Center
Tyler Dorsey,75.0,74.0,30.0,4.6,10.0,0.455,2.5,5.1,0.493,2.1,5.0,0.41600000000000004,2.9,3.9,0.732,1.1,2.8,3.9,1.8,0.8,0.1,1.7,1.8,14.1,8.51,No,2017,41,Guard
John Henson,109.0,82.0,23.8,4.4,8.8,0.49700000000000005,4.3,8.5,0.505,0.0,0.2,0.20800000000000002,1.6,3.2,0.484,2.5,5.7,8.1,1.0,0.6,2.5,1.5,1.5,10.3,9.01,No,2012,14,Center
Erick Green,129.0,89.0,28.3,4.6,10.5,0.43700000000000006,3.5,7.3,0.48,1.1,3.2,0.33799999999999997,3.2,4.0,0.804,0.5,2.1,2.6,2.5,1.2,0.2,1.4,1.6,13.5,5.97,No,2013,46,Guard
Gordon Hayward,69.0,69.0,33.1,4.3,9.2,0.47,2.6,4.6,0.569,1.7,4.6,0.369,4.1,4.9,0.8240000000000001,1.7,5.7,7.4,1.8,1.3,0.9,2.0,2.1,14.4,3.57,Yes,2010,9,Forward
Lester Hudson,65.0,64.0,36.5,9.3,20.4,0.456,5.8,10.8,0.53,3.5,9.5,0.37200000000000005,4.4,5.2,0.858,2.2,5.7,7.9,4.4,2.6,0.6,3.6,2.7,26.6,-5.64,No,2009,58,Guard
Daequan Cook,39.0,1.0,19.7,3.6,8.1,0.445,2.2,4.8,0.465,1.4,3.3,0.415,1.2,1.7,0.6970000000000001,0.7,3.6,4.3,1.0,0.7,0.3,1.4,1.7,9.8,9.03,No,2007,21,Guard
Domantas Sabonis,74.0,32.0,26.6,5.2,8.2,0.632,5.1,8.0,0.638,0.1,0.2,0.35700000000000004,3.1,4.2,0.7290000000000001,2.6,6.8,9.4,1.3,0.5,0.6,2.0,3.0,13.5,4.67,No,2016,11,Forward
Solomon Hill,139.0,129.0,29.0,3.5,7.3,0.48100000000000004,2.7,5.1,0.528,0.8,2.2,0.375,2.5,3.3,0.745,1.8,3.8,5.6,2.2,0.9,0.4,2.1,2.4,10.3,7.05,No,2013,23,Forward
Jerian Grant,119.0,117.0,36.4,4.7,10.7,0.436,3.2,6.4,0.498,1.5,4.4,0.345,3.8,4.8,0.79,0.4,2.5,2.9,5.8,1.5,0.3,2.2,1.8,14.6,6.88,No,2015,19,Guard
Paul Millsap,92.0,91.0,35.2,7.2,12.4,0.5770000000000001,7.1,12.2,0.58,0.1,0.2,0.375,4.2,6.8,0.62,5.5,7.3,12.7,0.9,1.3,2.0,2.4,3.1,18.6,2.11,Yes,2006,47,Forward
Jerome Robinson,113.0,68.0,25.1,2.7,6.2,0.44,1.9,3.9,0.47700000000000004,0.8,2.3,0.375,2.1,2.8,0.741,0.6,3.6,3.2,1.8,0.8,0.6,1.5,1.8,8.4,3.22,No,2018,13,Guard
Khyri Thomas,102.0,95.0,27.2,4.2,8.2,0.511,2.9,5.1,0.578,1.3,3.2,0.406,1.5,2.1,0.7190000000000001,1.1,3.5,4.6,2.5,1.4,0.3,1.6,1.8,11.2,7.83,No,2018,38,Guard
CJ McCollum,111.0,108.0,32.9,6.9,15.7,0.439,5.0,10.5,0.47,2.0,5.2,0.377,5.5,6.7,0.825,1.5,4.8,6.3,2.7,2.1,0.5,2.4,1.8,21.3,-5.41,No,2013,10,Guard
Alex Len,60.0,48.0,24.5,3.8,7.0,0.5379999999999999,3.7,6.8,0.5479999999999999,0.0,0.2,0.111,2.2,3.3,0.6629999999999999,2.4,4.5,7.0,0.8,0.2,2.1,1.6,2.6,9.7,5.32,No,2013,5,Center
Maurice Ager,124.0,73.0,25.6,4.2,9.6,0.441,2.6,5.3,0.49200000000000005,1.6,4.3,0.38,2.5,3.2,0.775,0.8,2.6,3.4,1.5,0.5,0.3,1.7,1.9,12.5,8.19,No,2006,28,Guard
Jamison Brewer,58.0,33.0,23.2,2.1,4.5,0.456,1.8,3.5,0.525,0.2,1.0,0.22,1.3,2.5,0.527,2.8,4.4,4.7,4.1,1.1,0.1,2.2,1.3,5.7,7.67,No,2001,41,Guard
Joe Crawford,127.0,76.0,25.3,4.0,9.2,0.43799999999999994,2.6,5.0,0.512,1.5,4.2,0.35,1.8,2.6,0.7020000000000001,1.2,2.2,3.4,1.5,0.5,0.2,1.6,1.9,11.3,8.87,No,2008,58,Forward
Jason Thompson,122.0,112.0,32.1,6.2,11.8,0.526,6.0,11.0,0.544,0.2,0.8,0.29100000000000004,4.0,6.0,0.667,3.0,6.6,9.6,2.0,0.9,1.9,2.6,3.0,16.7,-3.38,No,2008,12,Forward
Jackson Vroman,63.0,62.0,30.6,5.4,9.7,0.5579999999999999,5.4,9.5,0.569,0.0,0.2,0.077,2.4,4.7,0.512,3.1,6.3,9.5,2.1,1.2,1.1,2.8,3.6,13.2,7.06,No,2004,31,Forward
Terrence Jones,76.0,69.0,30.4,5.0,10.8,0.467,4.5,9.1,0.493,0.6,1.7,0.32799999999999996,3.4,5.3,0.638,2.5,5.5,8.0,1.5,1.2,1.8,1.8,2.4,14.0,8.42,No,2012,18,Forward
Andrew Wiggins,35.0,35.0,32.8,5.4,12.1,0.44799999999999995,4.2,8.5,0.493,1.2,3.6,0.341,5.0,6.5,0.775,2.2,3.7,5.9,1.5,1.2,1.0,2.3,2.7,17.1,11.4,No,2014,1,Forward
Rashad Vaughn,23.0,23.0,32.3,6.3,14.3,0.439,3.9,8.1,0.48100000000000004,2.3,6.1,0.38299999999999995,3.0,4.3,0.6940000000000001,0.6,4.2,4.8,1.6,0.8,0.3,2.2,2.3,17.8,3.38,No,2015,17,Guard
Tyrone Wallace,129.0,114.0,31.6,4.6,11.0,0.415,3.6,7.9,0.46399999999999997,0.9,3.1,0.292,2.6,4.2,0.613,1.0,4.2,5.2,3.4,1.1,0.4,2.2,2.5,12.6,7.3,No,2016,60,Guard
Patrick Patterson,97.0,97.0,34.0,6.4,10.9,0.585,6.1,10.1,0.604,0.2,0.8,0.32899999999999996,3.2,4.3,0.7340000000000001,2.9,5.3,8.2,1.5,0.7,1.6,1.6,2.1,16.1,6.24,No,2010,14,Forward
Collin Sexton,33.0,32.0,29.9,5.9,13.3,0.447,4.6,9.3,0.495,1.3,4.0,0.336,5.9,7.6,0.778,1.0,2.7,3.8,3.6,0.8,0.1,2.8,2.5,19.2,10.64,No,2018,8,Guard
Malcolm Lee,94.0,65.0,26.7,3.3,7.5,0.441,2.6,4.8,0.5329999999999999,0.8,2.7,0.278,2.3,3.2,0.7170000000000001,0.8,2.2,3.0,2.0,0.8,0.2,1.7,2.0,9.7,7.66,No,2011,43,Guard
Larry Sanders,101.0,82.0,23.5,4.1,7.9,0.52,4.1,7.7,0.526,0.0,0.2,0.25,2.1,3.6,0.5770000000000001,2.5,5.2,7.7,0.5,0.6,2.7,1.5,3.1,10.3,-0.69,No,2010,15,Center
Anthony Brown,47.0,4.0,13.1,1.1,2.4,0.48200000000000004,1.1,2.2,0.505,0.0,0.1,0.14300000000000002,0.7,1.2,0.569,1.0,1.3,2.3,0.3,0.3,0.4,0.4,2.0,3.0,7.55,No,2015,34,Forward
Alec Burks,68.0,67.0,30.9,6.2,12.6,0.495,5.5,10.4,0.5329999999999999,0.7,2.2,0.313,5.9,7.3,0.804,2.2,3.6,5.8,2.4,1.1,0.4,2.3,2.4,19.0,6.65,No,2011,12,Guard
Allen Crabbe,98.0,97.0,34.7,5.4,12.2,0.446,3.3,6.6,0.5,2.1,5.6,0.382,2.7,3.3,0.8190000000000001,0.9,4.8,5.7,2.2,0.9,0.6,1.9,1.7,15.7,7.16,No,2013,31,Guard
Javaris Crittenton,32.0,31.0,31.3,4.9,11.0,0.45,3.8,7.8,0.488,1.1,3.2,0.35600000000000004,3.4,4.3,0.7829999999999999,0.9,2.8,3.7,5.8,2.0,0.1,3.9,2.1,14.4,9.36,No,2007,19,Guard
Greivis Vasquez,136.0,123.0,33.6,5.5,13.0,0.425,3.8,7.9,0.48700000000000004,1.7,5.1,0.32899999999999996,3.2,3.9,0.828,1.0,3.8,4.8,5.7,1.4,0.3,3.3,2.2,16.0,7.95,No,2010,28,Guard
Delonte West,89.0,56.0,26.8,5.1,10.3,0.489,3.8,7.0,0.544,1.3,3.4,0.377,2.5,3.0,0.831,1.0,3.2,4.2,3.0,1.4,0.2,2.0,1.9,13.9,4.0,No,2004,24,Guard
Damone Brown,113.0,34.0,29.2,4.3,8.7,0.49700000000000005,4.2,7.9,0.525,0.2,0.8,0.225,2.0,2.7,0.742,3.2,5.6,6.0,1.1,1.0,0.8,1.6,2.4,10.9,6.91,No,2001,37,Forward
Corey Brewer,108.0,106.0,27.2,4.0,8.2,0.48,3.0,5.7,0.536,0.9,2.6,0.35600000000000004,2.5,3.6,0.708,1.3,3.0,4.3,2.8,1.6,0.4,2.3,2.2,11.3,6.65,No,2007,7,Forward
Quincy Douby,95.0,64.0,32.1,6.1,14.1,0.43200000000000005,3.5,7.3,0.473,2.6,6.8,0.389,2.9,3.6,0.82,0.7,2.2,2.9,2.7,1.3,0.7,2.2,1.8,17.8,6.93,No,2006,19,Guard
Jake Layman,141.0,115.0,27.9,3.4,7.7,0.445,2.0,3.8,0.53,1.4,3.9,0.36200000000000004,1.9,2.6,0.759,1.1,3.7,4.8,1.1,0.9,0.8,1.4,1.9,10.2,7.17,No,2016,47,Forward
Wesley Iwundu,132.0,123.0,28.2,3.2,6.9,0.46299999999999997,2.8,5.8,0.488,0.4,1.1,0.33799999999999997,2.6,3.8,0.688,1.2,3.5,4.7,2.8,0.9,0.4,2.1,2.1,9.5,9.51,No,2017,33,Forward
Zhaire Smith,37.0,21.0,28.4,4.2,7.5,0.556,3.7,6.4,0.574,0.5,1.1,0.45,2.5,3.4,0.7170000000000001,2.2,2.8,5.0,1.8,1.1,1.1,1.1,1.8,11.3,9.6,No,2018,16,Guard
Omari Spellman,40.0,39.0,28.1,4.0,8.4,0.47600000000000003,2.4,4.7,0.511,1.6,3.8,0.433,1.2,1.8,0.7,2.3,5.8,8.0,0.8,0.7,1.5,1.0,2.3,10.9,10.24,No,2018,30,Forward
Frank Kaminsky,144.0,79.0,20.4,3.7,7.0,0.522,3.0,5.1,0.58,0.7,1.9,0.369,2.1,2.7,0.763,1.3,3.4,4.6,1.3,0.5,1.1,0.8,1.6,10.1,9.61,No,2015,9,Forward
DeAndre Liggins,100.0,29.0,21.9,1.9,4.8,0.40700000000000003,1.3,2.9,0.455,0.6,1.9,0.332,1.3,2.0,0.643,0.5,2.5,3.0,2.1,0.9,0.5,1.5,1.9,5.8,6.85,No,2011,53,Guard
Bobby Simmons,93.0,28.0,31.6,4.3,10.1,0.428,3.0,6.2,0.49,1.3,3.9,0.331,3.6,4.6,0.7829999999999999,2.6,5.9,7.5,2.2,1.3,0.2,2.5,2.9,13.6,7.91,No,2001,42,Guard
Cameron Payne,69.0,69.0,32.4,6.3,14.6,0.43200000000000005,4.0,8.3,0.48700000000000004,2.3,6.3,0.359,3.7,4.7,0.7809999999999999,0.4,3.2,3.7,5.7,1.8,0.5,2.9,2.4,18.5,-3.19,No,2015,14,Guard
Gorgui Dieng,102.0,81.0,27.3,3.3,6.1,0.545,3.3,6.0,0.546,0.0,0.0,0.33299999999999996,1.7,2.7,0.64,3.0,4.9,7.9,1.2,1.0,2.6,1.6,2.7,8.3,8.78,No,2013,21,Center
Kawhi Leonard,70.0,69.0,31.9,5.4,12.0,0.449,4.8,9.7,0.49700000000000005,0.6,2.3,0.25,2.8,3.7,0.7440000000000001,3.3,6.9,10.2,2.2,1.4,0.6,2.2,2.5,14.1,5.29,Yes,2011,15,Forward
Victor Oladipo,104.0,75.0,24.6,3.9,7.3,0.5379999999999999,3.4,5.9,0.585,0.5,1.4,0.33799999999999997,2.5,3.5,0.716,2.0,3.2,5.2,1.7,1.5,0.5,2.0,2.4,10.7,7.94,Yes,2013,2,Guard
Derrick Brown,106.0,72.0,25.0,3.7,6.5,0.573,3.2,5.3,0.61,0.5,1.2,0.415,2.4,3.3,0.718,1.9,3.7,5.6,1.5,0.7,0.8,1.6,2.5,10.3,4.5,No,2009,40,Forward
Miles Bridges,62.0,60.0,31.6,6.2,13.2,0.47,4.2,7.8,0.537,2.0,5.5,0.375,2.5,3.2,0.7759999999999999,1.4,6.2,7.6,2.4,0.6,1.1,2.1,1.7,17.0,8.8,No,2018,12,Guard
Bradley Beal,37.0,37.0,34.2,4.7,10.6,0.445,3.0,5.6,0.541,1.7,5.0,0.33899999999999997,3.6,4.7,0.769,1.4,5.4,6.7,2.2,1.4,0.8,2.1,2.1,14.8,7.33,Yes,2012,3,Guard
J.J. Hickson,31.0,26.0,28.7,5.3,8.9,0.591,5.3,8.9,0.593,0.0,0.0,0.0,4.3,6.3,0.677,2.6,5.9,8.5,1.0,0.7,1.5,2.7,1.9,14.8,9.06,No,2008,19,Forward
Solomon Jones,59.0,56.0,31.2,3.7,7.3,0.505,3.7,7.2,0.507,0.0,0.0,0.0,2.5,3.6,0.693,2.6,5.4,8.0,1.0,0.6,2.6,2.7,3.4,9.8,3.34,No,2006,33,Forward
Jason Maxiell,129.0,95.0,27.6,4.4,8.6,0.507,4.3,8.5,0.509,0.0,0.1,0.28600000000000003,3.4,5.2,0.653,2.8,4.3,7.0,0.7,0.7,1.9,1.5,2.6,12.1,6.76,No,2005,26,Forward
Josh Childress,86.0,57.0,28.6,4.5,10.2,0.43799999999999994,3.3,6.6,0.494,1.2,3.6,0.335,2.2,2.8,0.755,1.9,4.9,6.8,1.8,0.9,1.1,1.7,2.1,12.3,7.25,No,2004,6,Guard
Ramon Sessions,97.0,94.0,29.2,3.2,7.6,0.41700000000000004,2.9,6.7,0.43,0.3,0.8,0.313,2.2,3.0,0.74,1.0,3.2,4.2,4.9,1.2,0.1,2.6,1.3,8.8,2.12,No,2007,56,Guard
Glen Davis,95.0,92.0,32.0,6.0,12.0,0.496,5.7,11.1,0.51,0.3,0.9,0.31,4.5,6.5,0.6940000000000001,3.8,5.8,9.6,1.5,1.1,1.2,2.4,2.6,16.7,7.99,No,2007,35,Forward
Sean Singletary,123.0,123.0,32.8,5.2,12.9,0.406,3.4,7.9,0.433,1.8,5.0,0.36200000000000004,4.7,5.5,0.846,1.0,3.0,4.0,4.8,1.6,0.1,3.3,2.7,16.9,7.98,No,2008,42,Guard
Dan Gadzuric,122.0,62.0,24.1,4.5,8.2,0.5479999999999999,4.5,8.2,0.5489999999999999,0.0,0.0,0.0,1.6,3.5,0.449,2.9,5.2,6.6,0.6,0.7,1.5,1.8,2.8,10.5,10.45,No,2002,34,Center
Xavier Henry,36.0,36.0,27.5,4.5,9.8,0.45799999999999996,2.6,5.3,0.49200000000000005,1.9,4.6,0.418,2.5,3.2,0.7829999999999999,1.2,3.2,4.4,1.5,1.5,0.5,1.9,1.8,13.4,8.25,No,2010,12,Guard
Andre Roberson,105.0,65.0,28.3,3.6,7.1,0.516,3.2,5.7,0.555,0.5,1.4,0.35,1.9,3.2,0.5820000000000001,2.9,7.0,10.0,1.1,1.6,1.4,1.7,2.6,9.6,6.43,No,2013,26,Guard
Jarrett Allen,33.0,33.0,32.2,5.4,9.6,0.5660000000000001,5.4,9.4,0.579,0.0,0.2,0.0,2.5,4.5,0.564,3.0,5.4,8.4,0.8,0.6,1.5,2.5,2.1,13.4,12.75,No,2017,22,Center
Denzel Valentine,144.0,116.0,29.0,4.0,9.1,0.442,2.2,4.6,0.47600000000000003,1.8,4.5,0.408,1.5,2.0,0.779,1.1,4.8,5.9,4.4,0.9,0.3,2.2,2.1,11.4,9.21,No,2016,14,Guard
Draymond Green,145.0,66.0,25.0,3.7,8.0,0.467,3.1,6.3,0.496,0.6,1.7,0.361,2.3,3.4,0.687,2.0,5.6,7.6,2.9,1.2,0.8,1.9,2.7,10.5,9.75,Yes,2012,35,Forward
Jamal Murray,36.0,36.0,35.2,6.8,14.9,0.45399999999999996,3.6,7.3,0.502,3.1,7.7,0.408,3.3,4.2,0.7829999999999999,1.5,3.7,5.2,2.2,1.0,0.3,2.3,2.1,20.0,8.84,No,2016,7,Guard
Edmond Sumner,58.0,49.0,26.6,3.5,8.2,0.429,2.9,6.0,0.483,0.6,2.2,0.285,3.7,5.1,0.73,0.5,3.0,3.5,3.8,1.2,0.4,2.2,2.3,11.4,9.81,No,2017,52,Guard
Eddie Griffin,30.0,30.0,32.6,6.9,16.0,0.429,5.5,11.7,0.469,1.4,4.3,0.32,2.7,3.6,0.7340000000000001,3.1,7.6,10.8,1.6,0.9,4.4,2.2,2.4,17.8,6.03,No,2001,7,Forward
Malik Monk,38.0,37.0,32.1,6.6,14.7,0.45,3.9,7.8,0.49700000000000005,2.7,6.9,0.397,3.9,4.7,0.8220000000000001,0.3,2.2,2.5,2.3,0.9,0.5,2.0,1.9,19.8,10.49,No,2017,11,Guard
Will Blalock,93.0,92.0,34.3,4.2,10.0,0.42100000000000004,3.2,7.1,0.445,1.1,2.9,0.365,2.1,2.9,0.7190000000000001,0.6,2.5,3.1,5.0,1.9,0.1,2.5,1.6,11.6,7.92,No,2006,60,Guard
Markieff Morris,109.0,43.0,19.3,3.1,5.7,0.5529999999999999,2.8,4.8,0.579,0.3,0.9,0.40399999999999997,1.9,2.9,0.653,2.0,4.1,6.1,1.2,0.6,0.9,1.6,2.7,8.5,7.92,No,2011,13,Forward
Aaron Gordon,38.0,38.0,31.2,5.0,10.1,0.495,4.6,8.9,0.513,0.4,1.2,0.35600000000000004,2.0,4.7,0.42200000000000004,2.7,5.3,8.0,2.0,0.9,1.0,1.4,2.4,12.4,9.04,No,2014,4,Forward
Alando Tucker,134.0,126.0,32.1,6.0,12.4,0.48,5.2,10.0,0.522,0.8,2.5,0.307,3.9,6.1,0.636,2.3,3.4,5.7,1.6,0.8,0.2,1.7,1.6,16.5,7.56,No,2007,29,Forward
Davon Reed,131.0,99.0,28.1,3.3,7.8,0.43,1.8,3.9,0.466,1.5,3.9,0.395,2.0,2.6,0.779,0.7,3.0,3.6,1.6,0.9,0.4,1.4,1.9,10.3,8.24,No,2017,32,Guard
Craig Brackins,96.0,95.0,31.8,6.0,13.4,0.445,5.2,10.9,0.48,0.7,2.5,0.292,3.4,4.7,0.726,1.7,6.0,7.7,1.6,0.5,1.0,2.0,2.0,16.0,7.34,No,2010,21,Forward
Bobby Portis,70.0,70.0,28.5,5.9,11.2,0.526,5.5,10.3,0.54,0.3,0.9,0.365,2.9,3.9,0.737,3.1,4.7,7.9,1.3,1.1,1.5,1.4,2.0,15.0,6.18,No,2015,22,Forward
Peyton Siva,144.0,113.0,26.2,2.9,6.9,0.41700000000000004,2.2,4.5,0.48200000000000004,0.7,2.4,0.29100000000000004,2.0,2.8,0.737,0.3,2.1,2.4,4.7,1.8,0.1,2.7,2.6,8.4,8.58,No,2013,56,Guard
Eric Maynor,130.0,104.0,30.7,5.0,11.2,0.449,3.9,8.3,0.47700000000000004,1.1,3.0,0.37,3.9,4.9,0.7909999999999999,0.5,2.9,3.4,5.2,1.3,0.2,2.4,2.0,15.0,-0.76,No,2009,20,Guard
Kelly Oubre,36.0,27.0,21.0,3.1,6.9,0.444,2.1,4.3,0.49700000000000005,0.9,2.6,0.358,2.2,3.1,0.718,1.1,3.8,5.0,0.8,1.1,0.4,1.2,2.0,9.3,12.13,No,2015,15,Forward
Frank Williams,101.0,68.0,31.7,4.6,11.7,0.396,3.3,7.6,0.433,1.3,4.1,0.326,3.7,4.6,0.807,0.8,3.4,4.0,4.3,2.1,0.3,2.7,1.8,14.3,10.3,No,2002,25,Guard
Andre Emmett,128.0,97.0,32.3,6.9,13.8,0.5,6.5,12.4,0.52,0.4,1.4,0.312,3.4,4.9,0.703,2.1,3.9,6.0,1.6,1.3,0.3,1.9,1.3,17.6,7.3,No,2004,35,Forward
Bernard Robinson,120.0,104.0,30.6,4.6,10.4,0.44,4.0,8.5,0.47200000000000003,0.6,1.9,0.297,2.8,3.4,0.8140000000000001,1.3,4.0,5.3,3.0,1.4,0.4,2.9,2.5,12.5,8.4,No,2004,45,Guard
David West,126.0,93.0,33.4,5.8,10.8,0.531,5.6,10.4,0.54,0.1,0.4,0.327,5.3,6.9,0.757,3.2,7.6,10.4,2.1,1.4,1.8,2.5,2.8,16.9,4.18,Yes,2003,18,Forward
Courtney Lee,127.0,127.0,31.2,6.3,13.6,0.46399999999999997,4.4,8.8,0.498,1.9,4.8,0.401,3.1,3.7,0.8170000000000001,1.7,3.5,5.2,2.2,1.9,0.6,2.5,2.5,17.6,-1.08,No,2008,22,Guard
Aaron Brooks,115.0,110.0,32.7,4.3,10.1,0.43,2.6,5.4,0.479,1.8,4.8,0.374,2.7,3.2,0.8340000000000001,0.7,2.7,3.5,4.1,1.1,0.1,2.6,2.3,13.1,6.68,No,2007,26,Guard
Nolan Smith,143.0,97.0,26.9,4.7,10.4,0.44799999999999995,3.5,7.3,0.48200000000000004,1.2,3.2,0.368,2.9,3.6,0.8,0.8,2.0,2.8,2.8,1.0,0.1,2.0,1.9,13.4,8.97,No,2011,21,Guard
Luther Head,128.0,84.0,25.4,3.5,7.5,0.473,1.9,3.2,0.594,1.6,4.3,0.382,1.4,1.9,0.752,0.7,2.5,3.1,2.5,1.2,0.2,1.5,1.5,10.1,8.06,No,2005,24,Guard
D.J. Wilson,69.0,36.0,19.4,2.8,5.3,0.525,2.1,3.3,0.619,0.7,2.0,0.363,0.8,1.0,0.8170000000000001,0.9,2.4,3.3,0.8,0.4,1.0,0.8,1.4,7.1,9.23,No,2017,17,Forward
Justin Anderson,98.0,44.0,24.1,2.9,6.8,0.43,1.9,4.1,0.48100000000000004,1.0,2.8,0.35700000000000004,2.0,2.7,0.752,0.8,2.7,3.5,1.8,0.6,0.9,1.3,1.4,8.9,6.64,No,2015,21,Guard
Trey Lyles,36.0,21.0,23.0,3.3,6.7,0.488,3.1,5.9,0.536,0.1,0.8,0.138,2.1,2.8,0.735,1.8,3.4,5.2,1.1,0.5,0.4,1.1,1.6,8.7,8.67,No,2015,12,Forward
Chase Budinger,100.0,100.0,35.4,6.0,12.8,0.469,4.1,7.8,0.524,1.9,5.0,0.38299999999999995,3.1,4.0,0.782,1.4,4.4,5.8,2.8,1.3,0.4,2.1,1.8,17.0,9.93,No,2009,44,Forward
MarShon Brooks,113.0,56.0,25.3,5.2,11.2,0.46399999999999997,3.8,7.0,0.5429999999999999,1.4,4.2,0.33299999999999996,2.6,3.6,0.7390000000000001,1.6,2.7,4.3,1.5,1.1,0.7,1.8,2.0,14.4,7.44,No,2011,25,Guard
Jacob Evans,105.0,80.0,29.1,4.0,9.4,0.429,2.4,5.0,0.47600000000000003,1.7,4.4,0.377,2.0,2.7,0.755,1.3,3.0,4.3,2.5,1.1,0.9,1.3,2.0,11.7,4.75,No,2018,28,Guard
Salim Stoudamire,129.0,117.0,29.8,4.8,10.1,0.47100000000000003,2.1,4.3,0.488,2.7,5.8,0.45799999999999996,3.0,3.5,0.87,0.4,1.8,2.2,2.0,0.8,0.1,2.0,2.2,15.2,9.02,No,2005,31,Guard
Dwyane Wade,65.0,65.0,30.7,7.3,14.8,0.494,6.8,13.3,0.512,0.5,1.5,0.33299999999999996,4.6,6.2,0.745,2.2,4.3,6.5,3.9,2.3,1.2,3.1,2.4,19.7,6.03,Yes,2003,5,Guard
Trenton Hassell,84.0,32.0,36.2,6.9,14.6,0.47100000000000003,5.4,10.4,0.523,1.5,4.2,0.345,4.1,5.3,0.779,2.6,5.2,8.2,4.5,1.1,0.7,3.4,1.5,19.4,-3.83,No,2001,30,Guard
T.J. Leaf,35.0,35.0,29.9,6.7,10.9,0.617,5.9,9.2,0.644,0.8,1.7,0.466,2.1,3.0,0.679,2.2,6.0,8.2,2.4,0.6,1.1,1.5,2.5,16.3,6.39,No,2017,18,Forward
Daniel Gibson,68.0,68.0,33.0,4.3,10.5,0.41100000000000003,1.8,3.9,0.451,2.6,6.6,0.387,2.5,3.4,0.741,0.8,2.8,3.6,3.5,1.5,0.3,2.4,2.5,13.8,7.28,No,2006,42,Guard
Donte Greene,35.0,35.0,35.8,6.2,14.9,0.418,3.7,7.4,0.49200000000000005,2.6,7.5,0.345,2.7,3.8,0.7070000000000001,1.7,5.5,7.2,2.0,1.3,1.6,2.6,2.9,17.7,7.96,No,2008,28,Forward
Marcus Banks,63.0,63.0,34.3,6.0,12.2,0.495,5.0,9.1,0.551,1.0,3.1,0.33,5.0,6.8,0.731,0.8,2.6,3.3,4.3,2.5,0.2,3.6,2.9,18.1,4.77,No,2003,13,Guard
Perry Jones,63.0,62.0,32.2,5.5,10.5,0.522,5.3,9.8,0.539,0.2,0.7,0.27899999999999997,2.6,3.8,0.6779999999999999,2.7,4.7,7.4,1.2,0.7,0.7,2.0,2.3,13.7,6.41,No,2012,28,Forward
Malcolm Brogdon,136.0,109.0,30.6,4.4,10.3,0.43,3.1,6.6,0.466,1.4,3.7,0.365,3.1,3.5,0.8759999999999999,0.6,3.5,4.1,2.5,0.9,0.2,1.5,1.8,13.3,7.76,No,2016,36,Guard
D.J. White,99.0,97.0,30.6,5.5,9.8,0.562,5.5,9.8,0.563,0.0,0.0,0.33299999999999996,3.5,5.1,0.69,2.4,5.1,7.6,0.9,0.7,2.0,1.7,2.6,14.6,7.95,No,2008,29,Forward
Stephen Curry,104.0,103.0,32.6,8.4,17.9,0.467,4.4,8.3,0.53,4.0,9.7,0.41200000000000003,4.6,5.3,0.8759999999999999,0.8,3.8,4.5,3.7,2.1,0.3,3.0,2.4,25.3,-1.31,Yes,2009,7,Guard
Jeremy Evans,134.0,130.0,23.5,3.2,5.0,0.639,3.1,4.7,0.654,0.1,0.2,0.364,1.5,2.2,0.684,2.4,3.5,5.9,0.5,0.6,1.7,1.0,2.4,7.9,-1.72,No,2010,55,Forward
Ty Lawson,105.0,95.0,27.0,4.4,8.5,0.517,3.3,5.9,0.568,1.1,2.6,0.40299999999999997,3.2,4.1,0.78,0.6,2.3,2.9,5.8,1.8,0.1,2.1,2.0,13.1,8.59,No,2009,18,Guard
Sean Lampley,123.0,31.0,32.1,5.4,10.9,0.494,5.2,10.2,0.512,0.1,0.7,0.21,3.6,5.3,0.6709999999999999,1.5,5.7,7.2,2.4,0.7,0.6,3.1,2.0,14.4,8.38,No,2001,45,Forward
Gilbert Arenas,70.0,33.0,30.5,5.6,12.1,0.466,4.1,7.9,0.523,1.5,4.2,0.361,3.0,4.0,0.738,0.8,2.8,3.8,2.2,1.9,0.2,2.7,2.4,15.8,11.13,Yes,2001,31,Guard
Troy Bell,122.0,95.0,35.7,6.2,14.7,0.424,3.8,8.1,0.467,2.5,6.6,0.37200000000000005,6.6,7.6,0.868,1.8,2.5,4.0,3.5,2.2,0.3,2.9,2.3,21.6,5.85,No,2003,16,Guard
Shane Battier,146.0,39.0,31.4,4.5,8.9,0.5,2.8,4.9,0.57,1.7,4.1,0.41600000000000004,3.0,3.8,0.777,2.4,4.9,6.1,1.6,1.8,1.7,1.2,1.6,13.6,10.08,No,2001,6,Forward
Brandon Armstrong,65.0,30.0,30.4,6.6,15.1,0.439,4.4,9.5,0.467,2.2,5.6,0.391,2.7,3.2,0.8240000000000001,1.2,2.1,3.2,1.5,1.7,0.2,1.9,2.6,18.1,2.56,No,2001,23,Guard
O.J. Mayo,33.0,32.0,36.8,7.2,16.2,0.442,4.5,9.7,0.46399999999999997,2.7,6.5,0.409,3.7,4.6,0.8029999999999999,1.1,3.5,4.5,3.3,1.5,0.4,3.5,2.4,20.7,8.59,No,2008,3,Guard
Ryan Hollins,113.0,61.0,20.2,2.0,3.5,0.575,2.0,3.5,0.574,0.0,0.0,1.0,1.7,2.9,0.591,1.6,2.5,4.0,0.4,0.2,0.9,1.4,2.4,5.7,7.98,No,2006,50,Center
DeMar DeRozan,35.0,35.0,33.4,5.5,10.5,0.523,5.3,9.5,0.562,0.2,1.0,0.16699999999999998,2.7,4.2,0.6459999999999999,2.4,3.3,5.7,1.5,0.9,0.4,2.1,2.1,13.9,9.15,Yes,2009,9,Guard
Adreian Payne,138.0,94.0,20.0,3.2,6.2,0.526,2.8,5.1,0.551,0.4,1.1,0.409,2.0,2.7,0.755,1.5,3.8,5.3,0.6,0.6,1.0,1.4,2.2,8.9,10.35,No,2014,15,Forward
Andrew Goudelock,140.0,124.0,32.8,6.8,14.9,0.457,4.0,8.1,0.494,2.8,6.8,0.413,1.9,2.2,0.838,0.6,2.7,3.3,3.0,0.9,0.3,2.2,1.5,18.4,-2.92,No,2011,46,Guard
Jason Collins,73.0,34.0,22.1,3.6,5.9,0.612,3.4,5.5,0.623,0.2,0.4,0.444,3.4,4.8,0.716,2.7,5.1,6.6,0.8,0.5,1.2,1.5,2.2,10.8,8.87,No,2001,18,Center
Spencer Dinwiddie,86.0,86.0,30.1,3.4,8.0,0.42,2.0,4.6,0.446,1.3,3.5,0.386,4.9,5.9,0.83,0.5,2.9,3.3,2.6,1.1,0.3,1.8,2.1,13.0,7.49,No,2014,38,Guard
Randy Foye,131.0,128.0,31.3,5.2,13.1,0.39899999999999997,3.6,8.1,0.441,1.6,4.9,0.32899999999999996,3.0,3.8,0.7809999999999999,1.4,3.4,4.8,3.2,1.5,0.4,2.9,2.7,15.0,8.37,No,2006,7,Guard
Georges Niang,138.0,126.0,29.8,6.2,12.3,0.5,4.8,8.7,0.5529999999999999,1.4,3.6,0.375,2.5,3.2,0.763,1.2,4.0,5.2,3.1,0.7,0.5,2.3,3.1,16.1,8.83,No,2016,50,Forward
Avery Bradley,34.0,32.0,29.5,4.7,10.8,0.43200000000000005,3.4,7.5,0.457,1.2,3.3,0.375,1.1,1.9,0.545,1.0,1.9,2.9,2.1,1.3,0.5,1.5,2.4,11.6,7.38,No,2010,19,Guard
Shelden Williams,139.0,128.0,28.1,4.9,8.6,0.5720000000000001,4.9,8.6,0.574,0.0,0.1,0.33299999999999996,4.0,5.7,0.6940000000000001,3.2,5.9,9.1,0.9,1.2,3.0,2.3,3.1,13.9,9.51,No,2006,5,Forward
Tony Allen,67.0,62.0,31.4,5.5,11.5,0.47700000000000004,4.7,9.3,0.508,0.8,2.2,0.34700000000000003,3.5,5.2,0.682,1.7,3.7,5.5,2.9,2.0,0.8,2.8,2.9,15.3,7.84,No,2004,25,Guard
Joe Alexander,82.0,70.0,25.3,4.5,10.0,0.447,3.9,7.9,0.488,0.6,2.1,0.295,2.5,3.3,0.765,1.5,3.3,4.8,2.0,0.6,1.2,1.8,2.2,12.1,7.04,No,2008,8,Forward
Julian Wright,71.0,52.0,24.1,4.4,8.0,0.555,4.4,7.7,0.565,0.0,0.2,0.188,1.5,2.5,0.591,2.1,4.2,6.3,2.0,1.2,1.3,2.2,2.1,10.4,7.23,No,2007,13,Forward
Jonny Flynn,73.0,73.0,36.5,5.6,12.2,0.46,4.2,8.1,0.525,1.4,4.2,0.33299999999999996,4.0,5.1,0.782,0.6,2.1,2.7,6.0,1.5,0.2,3.1,1.5,16.6,8.72,No,2009,6,Guard
Brandon Knight,38.0,38.0,35.9,5.7,13.5,0.423,3.4,7.4,0.461,2.3,6.1,0.377,3.6,4.5,0.795,0.7,3.4,4.0,4.2,0.7,0.2,3.2,2.2,17.3,8.91,No,2011,8,Guard
Rondae Hollis-Jefferson,76.0,31.0,27.0,3.4,6.9,0.496,3.3,6.4,0.52,0.1,0.5,0.205,3.3,4.7,0.6970000000000001,2.1,4.1,6.3,1.5,0.9,0.9,1.4,2.4,10.2,8.23,No,2015,23,Forward
Jason Kapono,127.0,93.0,34.0,5.5,11.7,0.469,3.0,6.1,0.489,2.5,5.6,0.446,3.0,3.6,0.83,1.6,3.7,5.1,2.1,0.9,0.1,2.3,2.3,16.5,10.67,No,2003,31,Forward
Kenny Satterfield,68.0,34.0,31.5,3.9,9.8,0.40299999999999997,3.0,6.8,0.43700000000000006,1.0,3.0,0.32299999999999995,3.1,3.9,0.78,1.2,3.5,4.1,5.2,1.4,0.1,3.3,2.4,11.9,8.17,No,2001,54,Guard
Andrew Nicholson,123.0,118.0,29.9,6.6,11.4,0.575,6.3,10.8,0.586,0.2,0.6,0.377,3.7,5.1,0.72,2.2,5.0,7.2,0.7,0.5,2.0,2.4,3.0,17.1,1.35,No,2012,19,Forward
Marcus Smart,64.0,63.0,33.1,4.9,11.9,0.413,3.5,7.3,0.488,1.4,4.6,0.295,5.5,7.3,0.7509999999999999,1.5,4.4,5.9,4.5,2.9,0.6,3.0,2.9,16.6,7.53,No,2014,6,Guard
Jevon Carter,144.0,112.0,29.9,4.1,10.0,0.40700000000000003,2.4,5.3,0.45299999999999996,1.7,4.7,0.355,2.4,3.0,0.7979999999999999,0.9,2.8,3.7,3.9,2.3,0.2,1.8,2.5,12.2,9.53,No,2018,32,Guard
Shawne Williams,36.0,34.0,27.8,4.3,10.4,0.41600000000000004,3.0,6.1,0.489,1.3,4.3,0.312,3.2,4.0,0.7859999999999999,1.7,4.4,6.2,1.9,1.4,1.4,2.3,2.9,13.2,4.24,No,2006,17,Forward
Kadeem Allen,68.0,61.0,27.5,3.0,6.6,0.45899999999999996,2.3,4.8,0.48200000000000004,0.7,1.8,0.4,2.3,3.1,0.725,0.3,3.3,3.6,3.3,1.3,0.7,2.0,2.4,9.1,7.43,No,2017,53,Guard
Dijon Thompson,117.0,72.0,27.8,4.6,10.0,0.46399999999999997,3.5,6.8,0.51,1.1,3.1,0.36200000000000004,2.1,2.7,0.7809999999999999,1.4,3.3,4.7,2.0,1.1,0.3,2.4,1.8,12.5,8.61,No,2005,54,Guard
Fred Jones,125.0,60.0,28.2,4.4,9.2,0.48100000000000004,3.3,5.7,0.568,1.2,3.5,0.33799999999999997,3.1,3.9,0.805,1.9,3.6,5.0,2.9,1.2,0.6,2.4,2.5,13.2,8.05,No,2002,14,Guard
Sterling Brown,32.0,0.0,4.9,0.6,1.4,0.435,0.4,0.9,0.483,0.2,0.5,0.353,0.3,0.5,0.5329999999999999,0.3,0.4,0.8,0.4,0.1,0.0,0.3,0.7,1.7,10.11,No,2017,46,Guard
Jon Brockman,131.0,129.0,28.7,5.5,10.3,0.534,5.5,10.3,0.534,0.0,0.0,0.0,2.8,4.6,0.612,3.7,6.1,9.8,1.0,0.8,0.1,2.1,2.8,13.8,7.16,No,2009,38,Forward
Jared Sullinger,74.0,72.0,31.0,6.1,11.5,0.53,5.8,10.8,0.541,0.3,0.7,0.365,4.9,6.7,0.733,3.3,6.4,9.7,1.2,1.1,0.8,1.8,2.7,17.3,8.73,No,2012,21,Forward
Kirk Hinrich,141.0,118.0,29.7,4.4,8.8,0.493,2.7,5.0,0.542,1.7,3.9,0.43,2.0,2.6,0.7759999999999999,0.9,3.3,3.8,4.7,1.5,0.4,2.7,2.7,12.4,9.68,No,2003,7,Guard
Daniel Hamilton,71.0,71.0,31.6,4.2,10.9,0.384,2.9,7.1,0.409,1.3,3.9,0.337,2.0,2.6,0.772,1.0,7.3,8.3,4.2,1.0,0.4,2.3,2.1,11.7,5.25,No,2016,56,Guard
Derrick Rose,40.0,39.0,29.2,5.2,10.9,0.47700000000000004,4.3,8.3,0.521,0.9,2.6,0.337,3.7,5.1,0.7120000000000001,1.4,3.2,4.5,4.7,1.2,0.4,2.7,1.7,14.9,5.76,Yes,2008,1,Guard
Luke Kennard,73.0,47.0,31.2,5.2,11.2,0.461,3.2,6.1,0.526,2.0,5.1,0.38299999999999995,3.4,3.9,0.867,1.1,3.3,4.3,2.0,0.9,0.3,1.2,2.1,15.7,10.75,No,2017,12,Guard
Patrick McCaw,65.0,48.0,31.7,4.2,9.6,0.439,2.3,4.3,0.527,1.9,5.2,0.36700000000000005,1.9,2.5,0.753,0.9,3.3,4.2,3.3,2.0,0.4,1.9,1.9,12.2,3.28,No,2016,38,Guard
Devin Ebanks,69.0,65.0,32.1,4.0,8.6,0.46299999999999997,3.9,7.6,0.51,0.1,1.0,0.114,3.1,4.2,0.736,2.8,5.2,7.9,2.6,0.9,0.7,2.1,1.7,11.2,9.3,No,2010,43,Forward
Caleb Swanigan,69.0,69.0,29.2,5.1,10.2,0.501,4.2,7.9,0.537,0.9,2.3,0.376,3.3,4.4,0.76,2.2,8.2,10.4,2.4,0.4,0.5,3.0,2.5,14.4,8.12,No,2017,26,Forward
Jordan Bell,105.0,62.0,24.7,3.3,5.4,0.61,3.3,5.2,0.622,0.0,0.2,0.188,1.2,1.8,0.63,2.1,4.7,6.8,1.5,1.1,2.2,1.5,2.3,7.8,8.23,No,2017,38,Forward
Iman Shumpert,92.0,91.0,31.3,4.2,10.6,0.396,3.0,6.7,0.45,1.2,4.0,0.305,3.1,4.1,0.738,1.1,3.4,4.5,4.2,2.3,0.2,3.0,2.7,12.7,7.34,No,2011,17,Guard
Daniel Orton,38.0,0.0,13.2,1.3,2.4,0.527,1.3,2.3,0.539,0.0,0.1,0.0,0.9,1.7,0.524,1.2,2.1,3.3,0.4,0.6,1.4,1.0,2.3,3.4,6.82,No,2010,29,Center
Sviatoslav Mykhailiuk,136.0,70.0,22.6,3.1,7.3,0.428,1.4,3.0,0.455,1.7,4.3,0.409,0.7,1.0,0.746,0.7,1.8,2.5,1.5,0.7,0.2,1.1,1.7,8.7,11.86,No,2018,47,Guard
Andre Iguodala,62.0,34.0,25.4,3.3,7.8,0.424,2.8,5.9,0.473,0.5,1.9,0.27399999999999997,2.5,3.3,0.738,2.2,4.4,6.6,3.4,1.5,0.5,2.1,2.2,9.6,7.79,Yes,2004,9,Guard
Kenneth Faried,136.0,122.0,29.1,5.8,10.1,0.569,5.7,10.0,0.5720000000000001,0.0,0.1,0.25,3.2,5.6,0.583,4.4,7.9,12.3,0.9,1.7,1.8,2.2,3.1,14.8,-4.03,No,2011,22,Forward
Luke Walton,129.0,65.0,27.2,3.3,7.6,0.426,2.8,5.9,0.47,0.5,1.8,0.284,2.1,3.1,0.685,1.6,3.9,5.1,4.5,1.2,0.4,2.6,1.8,9.1,10.92,No,2003,32,Forward
T.J. Ford,66.0,66.0,33.0,4.3,10.5,0.406,3.9,9.0,0.436,0.3,1.5,0.228,4.0,5.0,0.8009999999999999,0.7,3.2,3.8,8.0,2.1,0.1,3.6,2.6,12.9,9.63,No,2003,8,Guard
Cody Zeller,72.0,72.0,29.0,5.5,9.4,0.5920000000000001,5.5,9.3,0.594,0.0,0.0,0.0,5.0,6.6,0.7559999999999999,2.6,4.7,7.3,1.3,1.2,1.2,2.0,2.5,16.1,8.09,No,2013,4,Center
Adam Morrison,95.0,62.0,30.6,7.0,14.0,0.503,5.7,10.3,0.551,1.3,3.7,0.368,4.2,5.5,0.7609999999999999,1.3,3.8,5.1,2.0,0.7,0.4,1.7,1.7,19.7,4.24,No,2006,3,Forward
Darius Johnson-Odom,105.0,90.0,30.8,5.3,12.0,0.444,3.2,6.7,0.47600000000000003,2.1,5.2,0.40299999999999997,3.0,4.1,0.722,0.5,2.5,3.1,2.5,0.9,0.2,2.1,2.3,15.7,8.08,No,2012,55,Guard
Robin Lopez,67.0,61.0,24.3,3.5,6.9,0.511,3.5,6.9,0.511,0.0,0.0,0.5,1.9,3.1,0.612,2.6,3.1,5.6,0.8,0.3,2.3,1.6,2.5,9.0,8.0,No,2008,15,Center
Brook Lopez,53.0,43.0,28.0,6.1,12.7,0.48,6.1,12.3,0.491,0.1,0.4,0.14300000000000002,3.7,4.9,0.764,2.3,4.8,7.1,1.1,0.5,1.9,2.1,2.6,16.0,8.0,Yes,2008,10,Center
Luke Harangody,129.0,108.0,29.2,7.3,15.3,0.47600000000000003,6.9,14.3,0.486,0.3,1.0,0.326,4.4,5.6,0.782,3.0,6.5,9.5,1.6,0.8,0.7,1.8,2.4,19.2,6.73,No,2010,52,Forward
Jerami Grant,72.0,29.0,21.9,2.6,5.3,0.486,2.5,5.1,0.496,0.1,0.3,0.3,2.2,3.5,0.6409999999999999,1.7,2.9,4.7,0.9,0.6,0.5,0.9,1.8,7.5,7.91,No,2014,39,Forward
Gary Harris,69.0,67.0,31.0,5.0,11.4,0.44,2.9,5.7,0.503,2.1,5.6,0.376,2.7,3.5,0.7879999999999999,1.0,2.3,3.3,2.0,1.6,0.3,1.6,2.0,14.9,9.96,No,2014,19,Guard
Nick Johnson,108.0,101.0,30.9,4.1,9.7,0.42100000000000004,2.8,6.0,0.45899999999999996,1.3,3.7,0.359,2.8,3.9,0.7340000000000001,0.6,3.1,3.7,2.8,1.3,0.6,1.8,2.0,12.3,7.04,No,2014,42,Guard
Jordan Mickey,65.0,65.0,33.8,5.6,10.8,0.518,5.6,10.6,0.527,0.0,0.2,0.071,2.9,4.3,0.669,2.7,6.1,8.8,1.2,0.8,3.4,2.8,2.4,14.0,6.12,No,2015,33,Forward
Deron Williams,101.0,98.0,31.7,4.0,9.4,0.42200000000000004,2.3,5.1,0.46399999999999997,1.6,4.3,0.374,1.5,2.1,0.685,0.4,2.9,3.3,5.9,1.1,0.2,2.4,2.2,11.0,7.44,Yes,2005,3,Guard
Darren Collison,142.0,104.0,29.2,4.0,8.3,0.475,2.8,5.7,0.494,1.2,2.7,0.435,2.5,2.9,0.851,0.4,1.8,2.3,4.1,1.6,0.1,2.4,1.4,11.5,8.25,No,2009,21,Guard
Zach Collins,39.0,0.0,17.3,3.5,5.3,0.652,3.2,4.8,0.672,0.3,0.5,0.47600000000000003,2.8,3.8,0.743,1.7,4.2,5.9,0.4,0.5,1.8,1.5,2.7,10.0,4.13,No,2017,10,Center
Evan Turner,101.0,94.0,32.8,5.3,10.6,0.502,4.8,9.1,0.525,0.5,1.5,0.36200000000000004,3.8,5.0,0.758,1.5,5.3,6.8,4.1,1.6,0.7,3.5,2.7,15.0,7.86,No,2010,2,Guard
Nikola Vucevic,87.0,67.0,27.7,4.2,8.3,0.509,3.8,6.9,0.551,0.4,1.4,0.303,2.2,2.9,0.746,2.4,5.5,8.0,1.1,0.5,1.1,1.5,2.4,11.1,7.86,Yes,2011,16,Center
Kevin Durant,35.0,35.0,35.9,8.7,18.5,0.473,6.4,12.7,0.505,2.3,5.8,0.40399999999999997,6.0,7.3,0.816,3.0,8.1,11.1,1.3,1.9,1.9,2.8,2.0,25.8,6.12,Yes,2007,2,Forward
Brandon Ingram,36.0,34.0,34.6,5.9,13.4,0.442,3.7,8.0,0.46399999999999997,2.2,5.4,0.41,3.2,4.7,0.682,1.9,4.9,6.8,2.0,1.1,1.4,2.0,2.1,17.3,10.59,No,2016,2,Forward
Mike Scott,55.0,33.0,22.9,1.9,5.0,0.389,1.5,3.6,0.429,0.4,1.4,0.28600000000000003,1.9,2.8,0.677,1.5,2.1,3.5,2.0,1.3,0.1,1.6,2.9,6.2,-5.05,No,2012,43,Forward
Jordan Hamilton,93.0,38.0,14.8,1.5,3.5,0.425,0.9,1.6,0.547,0.6,1.9,0.324,0.7,1.0,0.753,0.5,0.9,1.4,0.5,0.3,0.3,0.7,1.7,4.3,-6.72,No,2011,26,Guard
Kyle Singler,148.0,147.0,33.0,5.5,12.7,0.433,3.7,7.7,0.479,1.8,5.0,0.363,3.4,4.3,0.773,2.4,4.4,6.9,2.0,1.1,0.7,2.1,2.6,16.2,8.97,No,2011,33,Forward
Matt Barnes,121.0,57.0,22.6,3.3,7.1,0.469,2.8,5.5,0.514,0.5,1.6,0.314,1.7,2.9,0.5660000000000001,2.1,4.7,4.8,2.0,1.0,0.4,2.0,2.2,8.8,10.45,No,2002,46,Forward
J.J. Redick,139.0,134.0,34.0,5.9,13.7,0.433,2.6,5.6,0.47200000000000003,3.3,8.1,0.406,4.8,5.2,0.912,0.5,2.2,2.7,2.2,1.1,0.1,2.1,1.6,19.9,9.51,No,2006,11,Guard
Steve Novak,126.0,89.0,27.0,3.8,8.4,0.456,1.0,2.3,0.44299999999999995,2.8,6.1,0.461,1.9,2.1,0.9309999999999999,1.0,3.2,4.2,1.0,0.5,0.1,1.1,2.0,12.4,6.07,No,2006,32,Forward
Ben Simmons,33.0,32.0,34.9,6.5,11.7,0.56,6.5,11.6,0.561,0.0,0.1,0.33299999999999996,6.0,9.0,0.67,3.1,8.6,11.8,4.8,2.0,0.8,3.4,2.8,19.2,7.0,Yes,2016,1,Guard
Derrick Favors,36.0,35.0,27.5,5.0,8.1,0.611,5.0,8.1,0.613,0.0,0.0,0.0,2.5,4.0,0.629,3.0,5.4,8.4,1.0,0.9,2.1,2.5,2.6,12.4,9.02,No,2010,3,Forward
Jodie Meeks,81.0,42.0,27.7,4.8,10.9,0.436,2.6,5.2,0.491,2.2,5.7,0.386,3.7,4.1,0.89,0.7,2.4,3.0,1.6,1.1,0.1,1.8,1.6,15.4,7.77,No,2009,41,Guard
Kirk Haston,96.0,28.0,26.8,5.7,12.0,0.473,5.4,11.2,0.48,0.3,0.7,0.366,3.0,4.2,0.7170000000000001,2.4,6.3,7.8,1.2,0.8,1.1,2.0,2.7,14.6,10.88,No,2001,16,Forward
James Harden,69.0,68.0,35.0,6.0,11.9,0.506,4.6,8.0,0.57,1.5,3.9,0.376,5.4,7.2,0.755,1.3,4.1,5.4,3.7,1.9,0.4,3.0,2.5,19.0,7.05,Yes,2009,3,Guard
De'Anthony Melton,36.0,25.0,27.0,2.8,6.4,0.43700000000000006,2.2,4.4,0.51,0.6,2.1,0.284,2.1,3.0,0.706,1.4,3.3,4.7,3.5,1.9,1.0,1.8,2.3,8.3,6.4,No,2018,46,Guard
Jared Jeffries,70.0,70.0,32.6,5.0,11.2,0.45,4.5,9.5,0.47200000000000003,0.6,1.7,0.325,3.8,5.8,0.643,2.4,4.8,7.2,2.2,1.2,1.3,2.9,2.7,14.4,11.56,No,2002,11,Forward
Linas Kleiza,49.0,28.0,28.7,4.7,11.3,0.413,3.9,8.6,0.45299999999999996,0.8,2.8,0.287,4.3,6.1,0.7070000000000001,2.5,5.4,7.9,1.3,0.6,0.3,2.4,2.9,14.4,9.14,No,2005,27,Forward
Tristan Thompson,128.0,99.0,25.5,3.6,8.2,0.439,2.2,4.6,0.47200000000000003,1.4,3.6,0.396,4.1,5.0,0.816,0.6,2.1,2.8,1.3,0.6,0.1,1.7,1.8,12.7,-3.82,No,2011,4,Forward
Donovan Mitchell,65.0,38.0,26.0,4.1,9.8,0.418,2.6,5.2,0.49700000000000005,1.5,4.6,0.32899999999999996,2.0,2.5,0.7879999999999999,1.1,3.0,4.1,2.2,1.5,0.3,1.3,2.6,11.7,9.44,No,2017,13,Guard
Deandre Ayton,35.0,35.0,33.5,7.9,12.9,0.612,7.5,11.9,0.635,0.3,1.0,0.34299999999999997,4.0,5.5,0.733,3.4,8.2,11.6,1.6,0.6,1.9,2.0,2.3,20.1,6.84,No,2018,1,Center
James Johnson,127.0,127.0,33.7,4.6,11.9,0.385,2.9,7.3,0.39399999999999996,1.7,4.6,0.37,2.8,3.5,0.792,0.8,2.7,3.5,3.8,1.5,0.1,2.2,2.3,13.6,-7.53,No,2009,16,Forward
Jarrett Jack,101.0,100.0,32.3,4.0,8.4,0.478,3.1,5.9,0.53,0.9,2.6,0.359,3.6,4.5,0.7959999999999999,0.4,4.0,4.5,5.4,1.8,0.1,3.3,2.0,12.5,9.64,No,2005,22,Guard
Ryan Kelly,41.0,0.0,16.3,0.7,1.2,0.529,0.7,1.2,0.54,0.0,0.0,0.0,0.4,0.9,0.474,0.7,1.2,1.9,0.4,0.2,0.3,0.6,2.2,1.8,-2.08,No,2013,48,Forward
Tobias Harris,34.0,33.0,29.2,5.4,11.8,0.46,4.8,9.6,0.49700000000000005,0.7,2.2,0.303,3.8,5.0,0.753,2.0,5.3,7.3,1.3,0.7,0.9,1.8,2.1,15.3,8.73,No,2011,19,Forward
Willie Green,124.0,87.0,30.0,5.2,11.4,0.461,4.3,8.6,0.495,1.0,2.8,0.35200000000000004,2.9,3.8,0.757,1.1,3.6,4.2,2.2,0.9,0.3,2.0,2.3,14.3,0.88,No,2003,41,Guard
Jaron Blossomgame,128.0,125.0,30.7,4.9,10.0,0.488,4.1,7.7,0.541,0.8,2.4,0.316,3.0,4.1,0.7240000000000001,1.9,4.6,6.5,1.1,0.6,0.7,1.5,1.6,13.5,7.5,No,2017,59,Forward
Kareem Rush,84.0,60.0,30.2,6.5,14.7,0.445,3.9,8.3,0.46399999999999997,2.7,6.4,0.42200000000000004,3.1,4.0,0.777,1.7,4.1,5.4,2.1,1.2,0.6,2.8,2.3,18.9,8.07,No,2002,20,Guard
D'Angelo Russell,35.0,34.0,33.9,6.6,14.7,0.449,3.9,8.1,0.479,2.7,6.6,0.41100000000000003,3.4,4.5,0.7559999999999999,1.0,4.7,5.7,5.0,1.6,0.3,2.9,2.1,19.3,7.37,Yes,2015,2,Guard
Nick Fazekas,131.0,119.0,30.1,6.9,12.9,0.532,6.0,10.3,0.579,0.9,2.6,0.341,4.2,5.1,0.815,2.5,7.1,9.6,1.3,0.7,1.5,1.7,2.0,18.8,3.05,No,2007,34,Forward
Terrence Williams,140.0,127.0,32.2,4.1,10.3,0.4,2.7,6.0,0.457,1.4,4.4,0.32,1.5,2.6,0.589,1.5,5.5,6.9,3.9,1.5,0.6,2.4,1.9,11.2,7.65,No,2009,11,Forward
Cory Jefferson,130.0,76.0,19.9,3.3,6.1,0.5429999999999999,3.2,5.7,0.556,0.1,0.4,0.34,2.2,3.3,0.66,1.9,3.7,5.6,0.4,0.3,1.3,0.8,1.7,8.9,8.32,No,2014,60,Forward
Tyler Honeycutt,59.0,51.0,31.7,3.6,8.4,0.431,2.5,5.3,0.473,1.1,3.1,0.359,2.0,2.9,0.684,1.7,5.2,6.9,2.8,1.2,1.7,2.8,1.9,10.3,7.9,No,2011,35,Forward
Blake Griffin,68.0,63.0,30.9,7.1,11.5,0.618,7.1,11.4,0.622,0.0,0.1,0.3,4.5,7.7,0.589,3.6,8.3,11.8,2.1,1.1,1.0,2.8,2.5,18.8,7.37,Yes,2009,1,Forward
Noah Vonleh,30.0,29.0,26.5,3.8,7.2,0.523,3.2,6.1,0.53,0.5,1.1,0.485,3.2,4.5,0.716,2.4,6.6,9.0,0.6,0.9,1.4,2.1,2.7,11.3,6.64,No,2014,9,Forward
Rasual Butler,110.0,60.0,38.3,6.8,16.7,0.409,4.3,9.6,0.447,2.6,7.1,0.359,3.1,3.7,0.8290000000000001,2.1,4.8,5.9,1.6,1.0,1.1,2.7,1.8,19.3,3.11,No,2002,53,Forward
Darius Songaila,130.0,63.0,26.2,4.9,9.6,0.511,4.8,9.3,0.516,0.1,0.3,0.34299999999999997,4.4,5.3,0.831,2.1,5.1,6.3,1.8,1.1,0.7,2.8,3.3,14.3,9.46,No,2002,50,Forward
Karl-Anthony Towns,39.0,39.0,21.1,3.7,6.6,0.5660000000000001,3.7,6.4,0.5770000000000001,0.1,0.2,0.25,2.8,3.4,0.813,2.4,4.3,6.7,1.1,0.5,2.3,1.4,2.9,10.3,8.67,Yes,2015,1,Center
Moritz Wagner,107.0,77.0,21.0,3.9,7.2,0.547,2.9,4.5,0.643,1.0,2.7,0.385,1.5,2.2,0.698,1.2,3.3,4.5,0.5,0.8,0.4,1.2,2.5,10.4,9.16,No,2018,25,Forward
Darrun Hilliard,132.0,112.0,26.8,3.7,8.5,0.436,2.1,4.2,0.507,1.6,4.3,0.36700000000000005,2.4,3.2,0.748,0.5,2.5,3.0,1.9,1.3,0.4,1.6,2.1,11.4,7.8,No,2015,38,Guard
Isaiah Canaan,132.0,83.0,29.4,4.8,10.7,0.45,2.5,5.2,0.483,2.3,5.5,0.419,3.6,4.5,0.8029999999999999,0.6,2.2,2.8,2.9,1.2,0.1,2.4,1.8,15.5,-3.56,No,2013,34,Guard
Markelle Fultz,25.0,25.0,35.7,8.4,17.6,0.47600000000000003,6.3,12.5,0.502,2.1,5.0,0.413,4.4,6.7,0.649,1.3,4.4,5.7,5.9,1.6,1.2,3.2,2.5,23.2,6.82,No,2017,1,Guard
Carmelo Anthony,35.0,35.0,36.4,7.9,17.5,0.45299999999999996,6.3,12.7,0.496,1.6,4.7,0.337,4.8,6.8,0.706,2.9,7.1,10.0,2.2,1.6,0.9,2.2,2.2,22.2,9.02,Yes,2003,3,Forward
Lamar Patterson,149.0,106.0,24.3,3.2,7.4,0.435,2.1,4.3,0.483,1.1,3.1,0.369,1.9,2.6,0.723,1.2,2.8,3.9,2.9,1.0,0.3,1.6,1.9,9.5,6.86,No,2014,48,Guard
Landry Fields,129.0,65.0,23.6,3.9,8.4,0.46299999999999997,3.1,6.0,0.51,0.8,2.3,0.342,2.3,3.3,0.6759999999999999,1.6,3.5,5.0,1.6,0.9,0.4,1.5,1.6,10.8,7.35,No,2010,39,Forward
Morris Almond,121.0,56.0,27.1,5.2,10.5,0.49200000000000005,3.9,7.6,0.514,1.3,2.9,0.435,3.5,4.2,0.8240000000000001,1.0,2.5,3.5,1.0,0.7,0.5,2.2,1.7,15.1,2.25,No,2007,25,Guard
Ben Gordon,106.0,74.0,31.0,5.6,12.7,0.44,3.2,7.2,0.452,2.3,5.5,0.423,3.5,4.4,0.795,0.8,3.1,3.9,4.1,1.2,0.2,2.8,2.3,16.9,7.61,No,2004,3,Guard
Shabazz Napier,143.0,98.0,32.3,4.2,10.1,0.41100000000000003,2.3,5.3,0.444,1.8,4.8,0.375,3.6,4.4,0.813,0.7,3.3,4.0,4.5,1.8,0.2,2.4,2.1,13.7,8.64,No,2014,24,Guard
Klay Thompson,98.0,96.0,34.4,6.1,14.4,0.424,3.6,8.1,0.45,2.5,6.3,0.39,3.2,3.9,0.8270000000000001,0.9,3.9,4.8,2.6,1.3,0.8,2.9,2.5,17.9,6.32,Yes,2011,11,Guard
Joseph Forte,69.0,32.0,33.9,6.9,15.3,0.45399999999999996,5.3,10.9,0.489,1.6,4.4,0.368,3.2,4.0,0.81,1.2,4.8,5.8,3.0,1.8,0.4,2.4,2.0,18.7,11.79,No,2001,21,Guard
Lavoy Allen,135.0,130.0,32.2,4.4,8.2,0.534,4.2,7.7,0.5489999999999999,0.1,0.5,0.28800000000000003,1.6,2.4,0.6709999999999999,3.0,5.5,8.5,2.1,0.5,1.6,1.4,2.5,10.5,4.24,No,2011,50,Forward
John Wall,37.0,37.0,34.8,5.5,11.8,0.461,4.5,8.8,0.509,1.0,3.1,0.325,4.7,6.3,0.754,0.8,3.5,4.3,6.5,1.8,0.5,4.0,1.9,16.6,6.82,Yes,2010,1,Guard
Demetrius Jackson,57.0,50.0,29.1,4.2,10.4,0.402,2.5,5.6,0.447,1.7,4.8,0.348,3.3,4.0,0.8370000000000001,0.4,2.4,2.8,3.3,1.1,0.1,3.4,2.6,13.4,-1.12,No,2016,45,Guard
Brian Scalabrine,92.0,33.0,33.0,5.7,11.2,0.513,5.2,9.7,0.5379999999999999,0.5,1.5,0.34299999999999997,3.7,4.8,0.77,2.1,3.9,6.1,2.7,1.0,0.9,3.4,2.7,15.7,9.08,No,2001,35,Forward
Alize Johnson,66.0,66.0,30.7,5.2,11.3,0.457,3.9,7.5,0.523,1.2,3.8,0.325,3.3,4.6,0.716,3.2,7.9,11.1,2.4,0.5,0.3,2.3,2.3,14.9,0.82,No,2018,50,Forward
Darius Miller,152.0,82.0,24.9,2.9,6.5,0.44799999999999995,1.8,3.5,0.509,1.2,3.0,0.379,1.2,1.5,0.815,1.0,2.2,3.2,1.8,0.8,0.7,1.4,2.3,8.2,7.12,No,2012,46,Forward
Henry Ellenson,33.0,33.0,33.5,5.9,13.2,0.446,5.0,10.0,0.495,0.9,3.2,0.28800000000000003,4.3,5.8,0.7490000000000001,2.2,7.6,9.7,1.8,0.8,1.5,2.4,2.5,17.0,5.57,No,2016,18,Forward
Rodney White,28.0,26.0,30.9,6.7,13.8,0.48700000000000004,5.5,10.4,0.5329999999999999,1.2,3.4,0.34700000000000003,4.1,5.7,0.713,1.8,4.7,6.5,1.5,1.2,0.7,2.9,2.6,18.7,7.91,No,2001,9,Forward
Doron Lamb,78.0,49.0,29.8,4.3,8.9,0.485,2.5,5.0,0.49200000000000005,1.8,3.9,0.475,2.6,3.2,0.8109999999999999,0.4,1.9,2.3,1.6,0.5,0.1,1.2,2.0,13.1,8.42,No,2012,42,Guard
Austin Rivers,34.0,33.0,33.2,5.1,11.8,0.433,3.4,7.1,0.47700000000000004,1.7,4.7,0.365,3.6,5.4,0.6579999999999999,0.6,2.8,3.4,2.1,1.0,0.0,2.3,2.2,15.5,8.4,No,2012,10,Guard
Ben McLemore,37.0,36.0,32.2,5.4,10.8,0.495,3.4,6.1,0.5529999999999999,2.0,4.7,0.42,3.2,3.7,0.87,1.3,3.9,5.2,2.0,1.0,0.7,2.1,1.9,15.9,7.54,No,2013,7,Guard
Sam Dekker,113.0,81.0,27.9,4.4,9.0,0.493,3.2,5.3,0.591,1.3,3.6,0.348,2.0,2.8,0.695,1.6,3.4,5.0,1.3,0.6,0.5,1.0,1.2,12.1,10.07,No,2015,18,Forward
Devin Harris,96.0,96.0,35.0,4.6,10.2,0.447,2.6,5.0,0.522,1.9,5.2,0.375,3.8,4.8,0.778,0.7,3.4,4.1,3.1,1.7,0.4,1.8,2.1,14.8,7.74,Yes,2004,5,Guard
Darrell Arthur,78.0,46.0,21.9,4.7,8.7,0.541,4.7,8.5,0.552,0.0,0.2,0.11800000000000001,1.8,2.7,0.6759999999999999,2.2,3.3,5.5,0.6,0.7,1.4,1.6,2.8,11.3,7.53,No,2008,27,Forward
Von Wafer,61.0,22.0,21.6,3.5,8.7,0.405,1.7,3.8,0.457,1.8,4.9,0.365,1.3,1.9,0.669,0.4,1.8,2.2,1.4,0.9,0.2,1.4,1.4,10.1,8.65,No,2005,39,Guard
Carlos Boozer,101.0,63.0,25.9,5.5,8.7,0.631,5.5,8.7,0.632,0.0,0.0,0.0,3.9,5.3,0.741,2.7,5.0,7.2,1.1,1.0,0.7,1.6,2.9,14.9,10.0,Yes,2002,35,Forward
Patrick Beverley,70.0,67.0,34.1,4.1,9.7,0.42,2.1,4.6,0.46299999999999997,2.0,5.2,0.382,2.8,3.9,0.73,1.2,4.4,5.5,2.8,1.5,0.4,2.0,2.3,13.0,7.74,No,2009,42,Guard
Terry Rozier,73.0,45.0,26.8,4.2,10.3,0.408,3.1,6.8,0.447,1.2,3.5,0.331,2.4,3.1,0.772,1.0,3.3,4.3,2.4,1.5,0.1,1.4,1.6,12.0,6.89,No,2015,16,Guard
Mitch McGary,47.0,12.0,20.6,3.5,5.9,0.588,3.5,5.9,0.5920000000000001,0.0,0.0,0.0,0.8,1.6,0.513,2.6,4.0,6.6,0.8,1.2,0.7,1.3,2.5,7.8,9.85,No,2014,21,Forward
Anthony Randolph,31.0,31.0,32.8,5.9,12.7,0.46399999999999997,5.8,12.1,0.483,0.1,0.6,0.105,3.7,5.4,0.693,2.8,5.7,8.5,1.2,1.1,2.3,3.0,2.7,15.6,5.66,No,2008,14,Forward
Jeff Trepagnier,106.0,17.0,31.3,4.1,8.6,0.47100000000000003,3.5,6.7,0.521,0.6,1.9,0.298,1.9,2.9,0.659,2.0,3.1,5.2,1.4,1.9,1.0,2.0,2.1,10.6,8.68,No,2001,36,Guard
Luke Jackson,126.0,102.0,29.1,5.1,11.1,0.461,3.7,7.7,0.488,1.4,3.4,0.402,4.0,4.7,0.8490000000000001,1.7,4.2,5.9,3.4,1.3,0.3,2.3,1.8,15.6,6.96,Yes,2004,10,Forward
Channing Frye,133.0,119.0,27.7,5.3,9.5,0.562,5.3,9.3,0.568,0.0,0.2,0.261,2.8,3.7,0.759,2.8,4.6,7.3,1.3,0.6,1.9,1.4,2.8,13.5,9.02,No,2005,8,Center
Julius Randle,40.0,40.0,30.8,4.9,9.8,0.501,4.8,9.3,0.517,0.1,0.5,0.16699999999999998,5.1,7.2,0.706,3.5,6.9,10.4,1.4,0.5,0.8,2.5,2.3,15.0,9.89,No,2014,7,Forward
Bracey Wright,85.0,85.0,35.7,5.5,13.6,0.405,3.3,7.4,0.451,2.2,6.3,0.35,4.4,5.7,0.7759999999999999,1.3,3.8,5.1,2.4,0.9,0.6,2.3,1.8,17.6,9.25,No,2005,47,Guard
Taurean Green,111.0,79.0,29.2,2.9,7.1,0.401,1.2,2.8,0.419,1.7,4.3,0.389,3.2,3.7,0.857,0.3,1.9,2.2,3.6,1.1,0.1,2.5,1.6,10.6,6.65,No,2007,52,Guard
Mikal Bridges,116.0,73.0,27.3,3.9,7.5,0.525,2.5,3.8,0.645,1.5,3.7,0.4,1.9,2.3,0.845,1.1,3.2,4.3,1.6,1.4,0.9,1.1,2.2,11.3,9.74,No,2018,10,Guard
Carrick Felix,94.0,69.0,27.9,3.6,8.0,0.456,2.6,4.7,0.545,1.1,3.2,0.326,1.9,2.6,0.7040000000000001,1.3,3.5,4.8,1.3,1.0,0.8,1.7,2.4,10.2,5.37,No,2013,33,Guard
Kris Humphries,29.0,28.0,34.1,7.6,17.2,0.444,7.0,15.4,0.455,0.6,1.7,0.34,5.9,7.9,0.742,3.1,7.0,10.1,0.7,0.9,1.1,2.8,2.2,21.7,5.36,No,2004,14,Forward
A.J. Price,99.0,91.0,29.4,4.3,10.5,0.413,2.7,6.1,0.447,1.6,4.4,0.365,2.7,3.7,0.722,0.8,2.6,3.4,4.7,1.1,0.1,2.4,1.4,13.0,7.14,No,2009,52,Guard
Doug McDermott,145.0,145.0,31.5,7.9,14.3,0.55,6.0,10.2,0.5870000000000001,1.9,4.1,0.45799999999999996,4.1,4.9,0.831,1.9,5.6,7.5,1.3,0.2,0.1,2.2,1.8,21.7,4.29,No,2014,11,Forward
OG Anunoby,50.0,10.0,17.4,2.7,4.8,0.563,2.1,3.3,0.652,0.5,1.5,0.365,0.9,1.8,0.522,1.4,2.1,3.5,0.8,1.0,0.9,1.1,1.7,6.8,7.53,No,2017,23,Forward
Grant Jerrett,34.0,2.0,17.8,1.9,4.5,0.409,0.9,2.2,0.413,0.9,2.3,0.405,0.5,0.6,0.818,1.1,2.5,3.6,0.5,0.5,1.0,0.6,1.3,5.2,7.47,No,2013,40,Forward
Jordan McRae,114.0,74.0,27.1,4.4,10.4,0.41700000000000004,2.8,5.9,0.475,1.6,4.6,0.34299999999999997,3.1,4.0,0.769,0.7,2.6,3.3,1.8,0.6,0.9,2.0,1.9,13.3,7.3,No,2014,58,Guard
Josh Hart,146.0,77.0,28.0,4.6,9.1,0.511,3.2,5.4,0.5920000000000001,1.4,3.6,0.389,2.5,3.4,0.72,1.7,3.8,5.6,1.8,1.1,0.3,1.3,2.2,13.2,8.51,No,2017,30,Guard
George Hill,95.0,87.0,33.3,5.6,10.7,0.529,4.7,8.3,0.565,0.9,2.3,0.40399999999999997,4.8,6.1,0.785,1.9,3.8,5.8,3.3,1.6,0.3,2.5,2.8,17.0,-3.26,No,2008,26,Guard
Jon Leuer,123.0,68.0,22.8,4.2,8.7,0.48200000000000004,3.4,6.5,0.521,0.8,2.2,0.368,2.0,2.7,0.723,1.3,3.2,4.5,1.1,0.4,0.7,1.2,1.6,11.2,8.06,No,2011,40,Forward
Jason Smith,87.0,70.0,27.9,5.2,9.6,0.5479999999999999,5.1,9.3,0.556,0.1,0.3,0.308,4.1,5.5,0.7509999999999999,2.6,5.3,7.9,2.0,0.5,1.7,3.1,3.3,14.7,3.95,No,2007,20,Forward
Dominique Jones,95.0,94.0,36.5,6.2,14.1,0.442,4.5,8.9,0.512,1.7,5.2,0.32299999999999995,4.8,6.5,0.737,1.5,3.9,5.4,3.5,1.5,0.4,2.6,2.6,18.9,7.32,No,2010,25,Guard
R.J. Hunter,99.0,98.0,34.7,5.6,13.3,0.423,3.1,6.1,0.505,2.6,7.2,0.354,4.5,5.3,0.853,0.7,4.1,4.8,2.4,1.9,0.9,1.7,2.2,18.4,-2.33,No,2015,28,Guard
David Lee,127.0,95.0,25.0,4.3,7.4,0.581,4.3,7.3,0.584,0.0,0.0,0.0,2.8,4.0,0.6809999999999999,2.2,4.6,6.8,2.0,0.9,0.9,2.1,2.2,11.3,8.11,Yes,2005,30,Forward
Trey Burke,73.0,71.0,35.7,6.0,13.3,0.45,4.2,8.3,0.499,1.8,5.0,0.36700000000000005,3.1,4.0,0.777,0.6,2.7,3.3,5.7,1.3,0.5,2.5,1.7,16.9,9.51,No,2013,9,Guard
D.J. Augustin,73.0,73.0,36.5,5.4,12.2,0.44299999999999995,3.8,8.2,0.46299999999999997,1.6,4.1,0.402,4.4,5.5,0.8079999999999999,0.6,2.3,2.9,6.2,1.4,0.0,3.0,1.9,16.9,7.35,No,2008,9,Guard
Jarred Vanderbilt,14.0,0.0,17.0,2.1,4.9,0.426,2.1,4.8,0.433,0.0,0.1,0.0,1.7,2.7,0.632,3.3,4.6,7.9,1.0,0.4,0.8,1.1,2.6,5.9,10.73,No,2018,41,Forward
Marcus Morris,109.0,90.0,24.0,4.7,8.4,0.555,4.3,7.3,0.585,0.4,1.1,0.358,2.9,4.3,0.66,2.4,3.8,6.2,1.3,0.9,0.4,1.6,2.6,12.6,7.92,No,2011,14,Forward
Mason Plumlee,141.0,99.0,25.9,3.7,6.5,0.574,3.7,6.4,0.578,0.0,0.1,0.2,2.4,4.0,0.583,2.4,5.4,7.7,1.5,0.8,1.4,2.0,2.5,9.8,8.87,No,2013,22,Center
Aaron Holiday,101.0,65.0,31.8,4.7,10.5,0.45,2.9,6.2,0.469,1.8,4.2,0.42200000000000004,3.1,3.9,0.795,0.5,2.7,3.2,4.7,1.2,0.2,3.0,2.7,14.3,7.65,No,2018,23,Guard
Hassan Adams,130.0,100.0,27.8,5.8,11.6,0.499,5.2,9.7,0.535,0.6,1.9,0.311,1.9,2.7,0.7040000000000001,2.5,3.0,5.4,2.0,1.8,0.7,2.0,2.0,14.0,8.42,No,2006,54,Guard
Rudy Gay,64.0,59.0,29.8,5.0,10.8,0.461,4.1,8.5,0.483,0.9,2.3,0.37799999999999995,2.8,3.8,0.721,1.9,4.0,5.9,1.8,1.3,1.7,2.2,2.3,13.6,7.1,No,2006,8,Forward
Andy Rautins,127.0,65.0,24.4,2.8,7.1,0.396,0.6,1.2,0.506,2.2,5.9,0.374,0.9,1.2,0.763,0.4,2.2,2.6,2.7,1.4,0.2,1.7,1.9,8.8,7.83,No,2010,38,Guard
Tyshawn Taylor,146.0,126.0,27.7,3.8,7.9,0.47700000000000004,3.0,5.7,0.518,0.8,2.2,0.37,2.5,3.5,0.708,0.3,1.9,2.2,3.9,1.2,0.2,2.6,2.1,10.8,8.42,No,2012,41,Guard
Malik Beasley,34.0,33.0,29.8,5.4,11.6,0.47100000000000003,3.8,7.4,0.518,1.6,4.2,0.387,3.1,3.8,0.813,1.3,4.0,5.3,1.5,0.9,0.2,1.7,2.2,15.6,8.16,No,2016,19,Guard
Shane Larkin,68.0,54.0,31.3,3.8,8.6,0.43799999999999994,2.3,4.6,0.491,1.5,4.0,0.375,2.2,2.7,0.8079999999999999,0.5,2.7,3.2,3.6,1.8,0.1,2.1,1.6,11.2,7.03,No,2013,18,Guard
Brandon Bass,59.0,58.0,34.2,5.1,9.5,0.54,4.8,8.7,0.5539999999999999,0.3,0.8,0.37799999999999995,4.6,5.8,0.78,2.6,5.6,8.2,0.7,0.8,1.8,1.8,2.2,15.1,7.18,No,2005,33,Forward
Trey Thompkins,89.0,81.0,29.5,6.0,12.8,0.469,5.1,10.3,0.496,0.9,2.5,0.35700000000000004,2.8,3.8,0.7290000000000001,2.0,5.8,7.8,1.4,1.0,1.3,2.6,2.2,15.7,6.56,No,2011,37,Forward
Jeff Withey,117.0,76.0,19.8,2.8,4.9,0.568,2.8,4.9,0.5670000000000001,0.0,0.0,1.0,2.4,3.3,0.726,1.6,3.8,5.4,0.6,0.5,2.7,1.2,1.8,8.0,8.34,No,2013,39,Center
Delon Wright,68.0,68.0,34.8,5.0,9.3,0.535,4.4,7.5,0.594,0.6,1.9,0.299,4.5,5.5,0.8140000000000001,1.1,4.7,5.8,5.2,2.3,1.1,2.2,1.6,15.0,6.82,No,2015,20,Guard
Al-Farouq Aminu,62.0,60.0,30.1,5.0,10.6,0.47600000000000003,4.6,8.9,0.522,0.4,1.7,0.23800000000000002,3.9,5.7,0.687,3.3,6.1,9.4,1.4,1.2,1.3,2.9,2.8,14.4,8.1,No,2010,8,Forward
Chandler Parsons,142.0,81.0,27.9,3.7,7.8,0.47700000000000004,2.6,4.6,0.575,1.1,3.2,0.337,1.7,2.8,0.611,1.9,4.1,6.0,2.4,0.9,0.3,1.6,2.0,10.2,5.9,No,2011,38,Forward
Frank Mason,145.0,113.0,30.0,4.2,9.2,0.45399999999999996,2.9,6.2,0.47100000000000003,1.3,3.0,0.42,3.3,4.4,0.7609999999999999,0.5,2.9,3.4,4.0,1.1,0.1,1.9,2.0,13.0,11.74,No,2017,34,Guard
Anthony Bennett,35.0,31.0,27.1,5.8,10.8,0.5329999999999999,4.7,8.1,0.5870000000000001,1.0,2.7,0.375,3.5,5.1,0.701,2.5,5.7,8.1,1.0,0.7,1.2,1.9,2.3,16.1,5.71,No,2013,1,Forward
P.J. Hairston,71.0,14.0,18.1,3.1,8.0,0.38799999999999996,1.3,2.9,0.45799999999999996,1.8,5.1,0.349,2.0,2.5,0.8,1.3,1.9,3.2,1.0,0.8,0.3,0.9,1.7,10.0,7.54,No,2014,26,Guard
Zach LaVine,37.0,1.0,24.4,3.4,7.8,0.441,2.1,4.3,0.494,1.3,3.5,0.375,1.3,1.8,0.691,0.5,2.1,2.5,1.8,0.9,0.2,1.1,2.0,9.4,7.62,No,2014,13,Guard
Jayson Tatum,29.0,27.0,33.3,5.7,12.6,0.452,4.3,8.6,0.504,1.4,4.0,0.342,4.1,4.8,0.8490000000000001,1.3,6.0,7.3,2.1,1.3,1.1,2.6,3.0,16.8,10.91,No,2017,3,Forward
Grayson Allen,142.0,97.0,27.9,4.3,9.9,0.43,2.2,4.5,0.49,2.0,5.4,0.38,3.5,4.2,0.8340000000000001,0.5,2.6,3.2,3.0,1.0,0.1,1.7,2.1,14.1,10.27,No,2018,21,Guard
Hilton Armstrong,131.0,56.0,15.1,1.7,3.1,0.563,1.7,3.1,0.565,0.0,0.0,0.33299999999999996,1.2,2.1,0.578,1.3,2.6,3.9,0.6,0.3,1.5,1.2,2.1,4.7,7.4,No,2006,12,Forward
James Jones,122.0,88.0,27.5,3.8,8.9,0.426,2.8,6.3,0.444,1.0,2.7,0.38299999999999995,2.5,3.0,0.831,2.0,4.0,5.0,1.2,1.1,1.6,1.5,2.1,11.1,5.18,No,2003,49,Forward
Trevor Ariza,25.0,23.0,31.6,4.3,10.0,0.426,3.6,7.0,0.509,0.7,3.0,0.237,2.3,4.5,0.504,2.4,4.0,6.5,2.1,1.7,0.4,3.2,2.8,11.6,6.82,No,2004,43,Forward
DaJuan Summers,101.0,98.0,27.6,3.6,8.3,0.439,2.2,4.2,0.522,1.4,4.1,0.353,2.5,3.4,0.727,1.3,3.1,4.4,1.3,1.0,0.6,2.2,2.4,11.2,8.56,No,2009,35,Forward
Kosta Koufos,37.0,35.0,27.1,6.0,11.8,0.508,5.4,10.1,0.535,0.6,1.7,0.349,1.8,2.7,0.68,2.6,4.0,6.7,0.5,0.4,1.8,1.5,2.2,14.4,7.97,No,2008,23,Center
Demetris Nichols,123.0,93.0,25.8,3.8,9.0,0.423,2.2,4.4,0.493,1.7,4.7,0.358,1.6,2.1,0.752,1.2,3.0,4.1,1.1,1.0,0.8,1.5,2.0,10.9,7.27,No,2007,53,Forward
Armon Johnson,101.0,99.0,32.7,5.4,11.6,0.467,4.7,9.2,0.514,0.7,2.4,0.289,2.8,3.7,0.75,0.8,2.9,3.7,4.4,0.8,0.2,2.7,1.7,14.3,1.28,No,2010,34,Guard
Tyler Lydon,71.0,34.0,33.1,3.9,8.2,0.47600000000000003,2.5,4.8,0.531,1.4,3.5,0.4,2.4,2.9,0.809,2.0,5.4,7.4,1.6,1.1,1.6,1.5,2.6,11.6,9.11,No,2017,24,Forward
Norris Cole,140.0,106.0,29.4,4.8,11.1,0.435,3.8,8.0,0.48,1.0,3.1,0.321,3.5,4.2,0.826,0.6,2.5,3.2,3.3,1.5,0.1,2.0,2.2,14.1,1.92,No,2011,28,Guard
Kyle O'Quinn,129.0,98.0,27.5,4.7,8.6,0.5529999999999999,4.3,7.0,0.62,0.4,1.6,0.261,2.6,3.8,0.685,2.6,5.9,8.5,0.9,0.5,2.2,2.0,2.9,12.5,-7.19,No,2012,49,Forward
Jabari Bird,114.0,80.0,26.4,3.9,8.9,0.442,2.3,4.5,0.512,1.6,4.4,0.371,1.2,1.6,0.753,0.8,2.5,3.3,1.2,0.5,0.3,1.2,1.7,10.8,6.95,No,2017,56,Guard
Stanley Johnson,38.0,37.0,28.4,4.6,10.3,0.446,3.4,7.2,0.478,1.1,3.1,0.371,3.5,4.7,0.742,2.0,4.5,6.5,1.7,1.5,0.4,2.2,2.6,13.8,7.41,No,2015,8,Forward
Jrue Holiday,35.0,35.0,27.1,3.2,7.1,0.45,2.4,4.6,0.528,0.8,2.5,0.307,1.3,1.8,0.726,1.3,2.5,3.8,3.7,1.6,0.5,2.1,2.1,8.5,7.18,Yes,2009,17,Guard
Isaiah Thomas,105.0,104.0,30.4,5.3,12.4,0.426,3.7,7.6,0.49,1.6,4.8,0.325,4.3,6.0,0.713,0.7,2.8,3.5,4.0,1.2,0.1,2.7,2.0,16.4,7.81,Yes,2011,60,Guard
Monte Morris,140.0,121.0,33.8,4.5,9.5,0.47600000000000003,3.5,6.7,0.517,1.1,2.9,0.381,2.0,2.6,0.78,0.8,2.9,3.7,5.5,1.6,0.3,1.2,1.5,12.2,10.28,No,2017,51,Guard
Shabazz Muhammad,32.0,30.0,30.8,6.3,14.3,0.44299999999999995,5.1,10.9,0.46299999999999997,1.3,3.3,0.377,4.0,5.6,0.711,2.7,2.5,5.2,0.8,0.7,0.1,1.6,1.7,17.9,7.82,No,2013,14,Forward
Archie Goodwin,33.0,33.0,31.8,4.8,10.8,0.44,4.2,8.9,0.478,0.5,1.9,0.266,4.1,6.4,0.637,1.5,3.2,4.6,2.7,1.1,0.5,3.1,2.9,14.1,5.78,No,2013,29,Guard
Steven Hunter,63.0,27.0,24.6,4.0,6.8,0.586,4.0,6.8,0.589,0.0,0.0,0.0,1.9,3.2,0.6,2.2,3.4,4.7,0.4,0.2,2.0,1.6,2.2,9.9,7.92,No,2001,15,Center
Pierre Jackson,74.0,55.0,32.8,5.3,11.9,0.441,3.1,6.4,0.496,2.1,5.6,0.379,4.0,5.0,0.8079999999999999,0.8,2.5,3.3,6.5,1.6,0.0,3.5,2.3,16.7,7.58,No,2013,42,Guard
