Name,MP,2PA,2P%,3PA,3P%,FTA,FT%,TRB,AST,STL,BLK,TOV,PF,PTS,ALLSTAR_Yes,POS_Forward,POS_Guard
Greg Monroe,32.6,9.3,0.5579999999999999,0.5,0.273,5.5,0.677,8.2,3.2,1.5,1.5,2.9,2.5,14.5,0,0,0
Jarron Collins,24.5,5.4,0.527,0.1,0.25,3.9,0.669,5.5,1.1,0.6,0.4,1.3,1.8,8.4,0,1,0
Jordan Adams,30.2,7.3,0.5479999999999999,4.3,0.331,5.0,0.8390000000000001,4.6,2.1,2.4,0.2,1.4,2.1,16.4,0,0,1
Reggie Jackson,28.0,6.4,0.527,3.5,0.35100000000000003,3.0,0.753,4.4,3.5,0.8,0.5,2.1,1.7,12.7,0,0,1
Tony Snell,24.8,2.9,0.48,4.2,0.38,1.9,0.821,2.4,2.0,0.5,0.3,1.5,1.2,9.2,0,0,1
Montrezl Harrell,26.4,7.8,0.6,0.4,0.275,3.6,0.5329999999999999,6.9,0.9,0.8,1.1,1.3,1.9,11.6,0,1,0
Spencer Hawes,28.9,11.6,0.5329999999999999,0.1,0.333,3.2,0.755,6.4,1.9,0.5,1.7,2.5,2.3,14.9,0,0,0
Luke Babbitt,34.9,11.0,0.494,2.6,0.421,5.8,0.893,8.1,1.8,0.9,0.8,2.1,2.2,19.4,0,1,0
Russell Westbrook,21.9,5.3,0.491,1.3,0.354,2.4,0.685,2.4,2.5,1.0,0.1,1.6,1.7,8.3,1,0,1
Robbie Hummel,30.2,6.0,0.483,4.4,0.389,3.7,0.841,6.8,2.1,1.0,0.9,1.1,2.4,14.0,0,1,0
Kris Dunn,31.5,7.8,0.476,2.2,0.354,4.5,0.693,5.1,5.8,2.2,0.4,3.3,2.9,12.8,0,0,1
E'Twaun Moore,32.3,8.1,0.473,4.6,0.38,3.3,0.7290000000000001,4.4,2.9,1.2,0.4,2.1,2.3,15.3,0,0,1
Melvin Ely,32.5,11.0,0.578,0.0,0.333,4.6,0.648,7.5,1.1,0.8,2.9,2.4,2.3,15.7,0,0,0
Richard Jefferson,26.3,6.2,0.528,1.9,0.368,3.5,0.718,5.0,2.8,0.6,0.8,2.7,2.6,11.2,0,1,0
Juan Dixon,28.4,7.8,0.513,4.4,0.389,3.6,0.85,4.2,2.6,2.4,0.2,2.5,2.0,16.1,0,0,1
Trevor Booker,28.4,8.6,0.574,0.5,0.324,3.9,0.624,7.9,1.7,1.1,1.9,1.9,2.3,12.9,0,1,0
Lonzo Ball,35.1,4.1,0.732,5.4,0.412,2.7,0.6729999999999999,6.0,7.6,1.8,0.8,2.5,1.8,14.6,0,0,1
Dillon Brooks,28.9,8.0,0.518,3.4,0.362,3.5,0.794,4.5,2.6,0.9,0.5,2.1,2.9,14.8,0,1,0
Kevin Love,29.6,8.3,0.611,2.1,0.354,6.6,0.767,10.6,1.9,0.7,1.4,2.0,1.9,17.5,1,1,0
Chris McCullough,28.1,7.0,0.473,0.1,1.0,4.4,0.563,6.9,1.1,1.7,2.1,2.2,2.6,9.3,0,1,0
Jamaal Franklin,25.9,6.2,0.504,3.8,0.302,5.1,0.78,7.0,1.9,1.0,0.6,2.6,2.1,13.7,0,0,1
Renaldo Balkman,21.1,5.0,0.581,0.5,0.29100000000000004,2.2,0.5329999999999999,5.3,1.7,1.2,1.1,1.7,2.1,7.4,0,1,0
K.J. McDaniels,24.3,5.8,0.516,2.8,0.313,3.2,0.767,4.8,0.9,0.9,1.9,1.5,1.8,11.0,0,0,1
Hakim Warrick,31.0,10.3,0.544,0.3,0.25,5.9,0.659,7.6,1.5,1.0,0.9,2.3,2.4,15.4,0,1,0
JaVale McGee,18.7,5.9,0.563,0.7,0.35600000000000004,2.7,0.514,4.8,0.3,0.5,1.8,1.6,2.0,8.7,0,0,0
Nik Stauskas,32.9,4.0,0.5,5.2,0.441,3.9,0.8320000000000001,2.9,2.3,0.6,0.3,1.5,1.0,14.1,0,0,1
Jonathan Isaac,26.2,5.2,0.593,2.8,0.348,3.7,0.78,7.8,1.2,1.2,1.5,1.5,2.2,12.0,0,1,0
Justin Hamilton,31.2,3.3,0.589,2.1,0.331,1.2,0.7390000000000001,2.6,2.7,1.5,0.3,1.5,1.4,6.9,0,0,0
Wilson Chandler,31.1,8.8,0.487,2.6,0.303,3.0,0.659,7.1,1.2,0.7,1.5,1.8,2.9,12.9,0,1,0
Marcus Williams,27.9,5.2,0.413,2.1,0.375,3.0,0.7909999999999999,3.2,7.3,1.0,0.2,3.2,1.7,9.0,0,0,1
Brandon Rush,31.3,6.6,0.458,4.3,0.435,2.5,0.733,5.5,2.0,0.7,0.8,2.1,1.5,13.6,0,0,1
Damian Lillard,32.3,6.5,0.4970000000000001,6.1,0.39,5.8,0.867,4.3,3.5,1.2,0.2,2.4,2.1,18.6,1,0,1
Shannon Brown,28.0,6.3,0.503,3.1,0.364,3.0,0.831,3.4,1.9,1.3,0.1,2.0,1.9,12.2,0,0,1
Nate Robinson,28.2,6.9,0.523,4.1,0.348,3.7,0.7929999999999999,3.9,3.2,1.6,0.1,2.0,2.6,14.4,0,0,1
Jaylen Brown,27.6,8.1,0.482,3.0,0.294,6.4,0.654,5.4,2.0,0.8,0.6,3.1,3.2,14.6,0,1,0
Devin Booker,24.1,6.4,0.518,0.6,0.275,2.9,0.6579999999999999,5.7,0.8,0.6,0.6,1.6,2.3,9.0,0,0,1
Dajuan Wagner,31.8,12.2,0.453,5.8,0.317,6.4,0.722,2.5,3.6,1.2,0.6,2.9,2.8,21.2,0,0,1
Damion James,29.3,8.4,0.506,2.0,0.364,4.4,0.64,9.3,1.1,1.0,1.1,1.8,2.8,13.5,0,0,1
Rodney Stuckey,33.1,11.9,0.54,5.2,0.317,8.1,0.8059999999999999,4.7,4.8,2.3,0.3,3.5,2.4,24.4,0,0,1
Brandon Roy,27.5,8.6,0.541,1.5,0.344,4.5,0.765,5.0,3.0,1.0,0.5,2.1,2.1,14.3,1,0,1
Kyle Lowry,26.7,6.4,0.463,0.7,0.325,4.0,0.737,3.8,3.0,1.9,0.2,1.9,2.6,9.5,1,0,1
Joakim Noah,21.1,6.2,0.617,0.0,0.5,4.2,0.684,6.4,1.7,0.9,1.7,1.8,2.0,10.5,1,0,0
Jay Williams,33.1,7.2,0.514,7.4,0.393,4.7,0.6709999999999999,3.7,6.0,2.2,0.1,3.9,2.3,19.3,0,0,1
Kentavious Caldwell-Pope,33.0,5.9,0.504,6.9,0.339,3.9,0.752,6.1,1.5,1.9,0.4,1.6,2.2,15.8,0,0,1
Jared Dudley,36.4,8.0,0.5479999999999999,2.5,0.365,6.0,0.731,7.2,3.0,1.4,0.3,2.1,1.9,15.9,0,1,0
Omar Cook,38.2,5.9,0.424,7.6,0.309,4.4,0.742,3.0,8.7,2.3,0.2,5.1,2.8,15.3,0,0,1
Mario Chalmers,28.5,4.4,0.545,3.9,0.419,3.2,0.767,2.8,3.8,2.6,0.4,2.4,2.4,12.2,0,0,1
Jeremy Lamb,32.1,6.6,0.573,4.5,0.348,2.4,0.8059999999999999,4.7,1.7,1.0,0.6,1.6,1.6,14.1,0,0,1
Jabari Parker,30.7,11.2,0.504,3.0,0.358,6.1,0.748,8.7,1.2,1.1,1.2,2.3,2.4,19.1,0,1,0
Meyers Leonard,19.8,5.2,0.585,0.2,0.083,2.2,0.7290000000000001,4.7,0.7,0.3,1.1,1.4,2.2,7.7,0,0,0
Quincy Acy,25.1,6.0,0.604,0.1,0.429,3.6,0.708,6.0,0.6,0.7,1.3,1.5,2.6,9.8,0,1,0
Russ Smith,24.3,7.4,0.449,3.9,0.345,4.8,0.76,2.7,2.8,1.9,0.1,2.4,2.4,14.3,0,0,1
Kirk Snyder,30.8,9.3,0.477,4.1,0.31,6.0,0.677,6.4,2.7,0.9,0.8,3.1,2.4,16.7,0,0,1
Antoine Wright,32.1,7.5,0.439,5.5,0.376,4.0,0.648,5.6,2.1,1.1,0.6,2.3,2.6,15.4,0,0,1
T.J. Warren,31.2,11.5,0.598,2.0,0.315,4.3,0.654,5.7,1.0,1.5,0.5,1.7,2.5,18.5,0,1,0
Skal Labissiere,15.8,5.2,0.521,0.1,0.0,1.7,0.6609999999999999,3.1,0.3,0.3,1.6,0.9,3.0,6.6,0,1,0
Justin Patton,25.3,8.0,0.6829999999999999,0.4,0.5329999999999999,2.5,0.517,6.2,1.2,0.9,1.4,1.7,2.7,12.9,0,0,0
Hamidou Diallo,24.8,6.4,0.458,2.1,0.338,3.4,0.616,3.6,1.2,0.8,0.4,1.4,2.6,10.0,0,0,1
Josh Howard,27.8,8.1,0.522,2.4,0.353,4.0,0.708,6.6,1.9,1.7,1.1,2.2,2.9,13.9,1,1,0
Cory Joseph,32.4,5.4,0.429,3.5,0.413,2.0,0.6990000000000001,3.6,3.0,1.0,0.3,1.5,1.8,10.4,0,0,1
Marcus Paige,32.4,4.8,0.446,5.7,0.374,3.0,0.848,2.8,4.3,1.4,0.2,1.9,1.7,13.3,0,0,1
Sindarius Thornwell,31.8,7.5,0.42,4.0,0.339,5.6,0.7709999999999999,5.2,3.0,1.5,0.6,2.5,2.4,14.7,0,0,1
Marquese Chriss,24.9,8.2,0.568,1.8,0.35,3.8,0.682,5.4,0.8,0.9,1.6,2.0,4.1,13.7,0,1,0
Royal Ivey,24.7,4.9,0.483,1.2,0.338,2.6,0.7090000000000001,3.1,2.3,0.9,0.2,1.5,2.7,7.8,0,0,1
Ryan Gomes,35.1,11.0,0.5489999999999999,2.0,0.35200000000000004,5.3,0.789,8.9,2.3,1.6,0.4,2.3,2.1,18.4,0,1,0
Norman Powell,25.2,5.2,0.5329999999999999,2.5,0.314,2.5,0.746,3.0,1.5,1.1,0.4,1.3,2.0,9.8,0,0,1
Sam Young,25.5,7.8,0.539,2.3,0.35600000000000004,3.4,0.6920000000000001,5.0,1.0,0.8,0.8,1.9,1.7,13.2,0,1,0
Craig Smith,34.0,12.2,0.5720000000000001,0.5,0.239,5.9,0.643,8.6,1.9,1.3,0.8,2.3,2.9,18.1,0,1,0
Paul George,33.9,6.5,0.485,4.9,0.396,4.2,0.8029999999999999,6.7,2.4,2.0,0.9,2.7,2.8,15.5,1,1,0
Derrick White,32.8,7.6,0.569,4.2,0.396,5.4,0.813,4.1,4.4,1.2,1.4,2.4,2.1,18.1,0,0,1
Luke Ridnour,33.6,5.0,0.472,5.4,0.389,4.1,0.8590000000000001,3.0,5.2,1.6,0.1,3.2,2.1,14.6,0,0,1
Harrison Barnes,29.3,9.1,0.469,4.4,0.349,4.3,0.7340000000000001,5.5,1.3,0.9,0.4,1.9,1.9,16.3,0,1,0
Jarell Martin,30.7,8.0,0.541,2.0,0.308,4.5,0.6890000000000001,6.9,1.4,1.0,0.7,2.2,2.6,13.7,0,1,0
De'Aaron Fox,29.6,10.5,0.521,1.9,0.246,5.9,0.736,4.0,4.6,1.5,0.2,2.4,2.5,16.7,0,0,1
Otto Porter,32.5,6.8,0.55,2.4,0.355,3.8,0.7509999999999999,7.1,2.1,1.5,0.9,1.3,2.0,12.8,0,1,0
Dwayne Bacon,28.8,9.3,0.51,4.1,0.312,4.2,0.733,5.0,1.6,1.0,0.1,2.1,1.9,16.5,0,0,1
Mardy Collins,37.5,9.4,0.457,5.0,0.292,3.9,0.624,4.6,3.2,2.3,0.2,2.0,2.3,15.4,0,0,1
Ike Diogu,35.1,10.7,0.591,1.2,0.387,9.4,0.7859999999999999,8.8,1.2,0.4,1.7,3.4,2.8,21.4,0,1,0
Matt Bonner,25.0,5.6,0.564,3.2,0.395,2.5,0.74,5.9,1.2,0.7,0.5,1.6,1.5,12.0,0,1,0
D.J. Strawberry,26.9,5.9,0.503,1.9,0.33,3.7,0.64,3.3,2.9,1.8,0.4,2.2,2.4,10.1,0,0,1
Sean May,27.8,11.1,0.519,0.1,0.0,6.0,0.7170000000000001,10.0,1.5,1.3,1.2,2.4,2.4,15.8,0,1,0
Taylor Griffin,22.3,4.5,0.493,0.5,0.22,2.6,0.721,4.8,1.0,0.9,0.8,1.4,2.5,6.6,0,1,0
Marvin Williams,22.2,5.6,0.522,1.2,0.4320000000000001,4.5,0.847,6.6,0.7,1.1,0.5,1.6,2.6,11.3,0,1,0
Carl Landry,29.9,9.8,0.628,0.7,0.233,7.9,0.7140000000000001,7.1,1.2,1.0,0.8,2.9,3.0,18.4,0,1,0
Jason Richardson,21.7,5.3,0.551,2.1,0.383,2.1,0.649,5.0,1.4,0.8,0.5,1.1,1.9,9.6,0,0,1
Mike Muscala,28.7,10.3,0.51,0.5,0.313,5.2,0.8190000000000001,8.2,1.6,0.4,2.0,1.6,2.3,15.3,0,1,0
Lonny Baxter,24.4,9.3,0.5529999999999999,0.0,0.6,5.2,0.6,7.2,0.7,0.9,1.6,1.6,3.0,13.5,0,1,0
Andrew Harrison,28.6,5.2,0.374,2.4,0.3670000000000001,4.6,0.777,2.7,3.8,0.8,0.2,2.2,2.4,10.1,0,0,1
Buddy Hield,31.7,6.5,0.508,6.8,0.39,3.4,0.836,5.0,1.9,1.3,0.3,2.2,2.0,17.4,0,0,1
Chris Douglas-Roberts,26.1,7.6,0.579,1.8,0.3720000000000001,4.6,0.725,3.7,1.7,1.0,0.4,2.0,1.9,14.2,0,0,1
Myles Turner,22.2,5.7,0.513,1.8,0.274,3.3,0.8390000000000001,6.5,0.6,0.3,2.6,1.4,2.4,10.1,0,0,0
Jeryl Sasser,35.0,10.6,0.438,4.1,0.28,6.2,0.71,8.3,3.2,1.7,0.6,2.7,1.3,17.0,0,0,1
Lance Stephenson,28.2,8.7,0.495,2.1,0.219,3.5,0.664,5.4,2.5,0.9,0.2,2.4,1.9,12.3,0,0,1
Earl Clark,26.7,6.8,0.512,1.8,0.298,3.2,0.64,7.0,1.7,0.9,1.2,2.1,1.7,10.6,0,1,0
Tyler Zeller,23.0,8.6,0.544,0.0,0.0,4.5,0.775,6.7,0.6,0.7,1.1,1.4,2.3,12.8,0,1,0
Pat Connaughton,32.3,3.2,0.5489999999999999,5.0,0.386,1.5,0.777,5.9,1.8,0.7,0.5,1.0,1.7,10.5,0,0,1
John Jenkins,30.6,4.1,0.521,7.1,0.438,3.8,0.856,2.7,1.1,0.7,0.3,1.3,1.2,16.9,0,0,1
Josh Selby,20.4,3.8,0.384,3.6,0.362,1.4,0.757,2.2,2.2,0.8,0.0,2.0,1.7,7.9,0,0,1
Kyle Korver,27.7,2.9,0.515,6.4,0.453,2.7,0.8909999999999999,5.2,2.3,1.3,0.5,1.8,2.3,14.1,1,0,1
Pascal Siakam,32.7,11.5,0.5589999999999999,0.3,0.17600000000000002,5.0,0.711,9.7,1.5,0.9,2.0,1.9,2.6,16.6,0,1,0
Cleanthony Early,26.2,6.2,0.555,4.3,0.348,4.6,0.8190000000000001,5.7,0.7,0.8,0.8,1.7,2.4,15.1,0,1,0
Thomas Welsh,25.0,6.6,0.5539999999999999,0.9,0.407,1.3,0.7979999999999999,7.8,0.8,0.4,1.1,0.7,2.5,9.5,0,0,0
Gerald Wallace,22.9,6.3,0.511,1.8,0.175,4.3,0.568,6.0,1.5,1.2,1.0,2.4,2.4,9.8,1,1,0
Daniel Ewing,27.7,5.0,0.464,4.0,0.392,2.9,0.746,2.8,2.1,1.4,0.2,1.9,2.6,11.6,0,0,1
Al Thornton,22.0,7.2,0.5429999999999999,1.2,0.438,4.2,0.701,5.2,0.7,0.8,0.6,1.7,2.3,12.3,0,1,0
Tyus Jones,33.9,5.1,0.44,3.2,0.379,4.2,0.889,3.5,5.6,1.5,0.1,1.9,1.2,11.8,0,0,1
Chris Paul,33.5,6.4,0.473,2.9,0.47,5.8,0.838,3.9,6.3,2.5,0.2,2.7,2.6,15.0,1,0,1
Danny Green,19.9,4.1,0.522,3.4,0.375,1.6,0.845,4.1,1.8,1.1,1.1,1.4,1.9,9.4,0,0,1
Mike Taylor,35.0,7.3,0.391,6.9,0.36,4.2,0.682,4.1,4.5,1.1,0.1,5.4,2.9,16.0,0,0,1
Tyler Hansbrough,30.9,12.1,0.541,0.3,0.316,8.7,0.7909999999999999,8.6,1.1,1.3,0.5,2.1,2.5,20.2,0,1,0
Caris LeVert,26.4,4.9,0.456,3.2,0.401,2.6,0.77,3.5,2.7,0.9,0.2,1.3,1.5,10.4,0,0,1
Quincy Pondexter,27.3,8.3,0.528,1.2,0.327,4.1,0.768,5.6,1.7,0.8,0.3,1.9,2.5,13.1,0,0,1
Marcus Thornton,32.7,8.9,0.51,6.7,0.382,4.8,0.7709999999999999,5.5,1.8,1.5,0.3,2.0,2.0,20.4,0,0,1
Wayne Ellington,28.5,6.6,0.513,5.0,0.397,2.5,0.809,4.1,2.2,0.9,0.1,1.5,1.5,14.7,0,0,1
Reece Gaines,31.6,6.5,0.502,4.7,0.383,4.9,0.75,3.4,3.8,1.5,0.2,2.7,2.5,15.6,0,0,1
Robert Sacre,21.7,5.9,0.505,0.0,0.25,4.5,0.735,5.0,0.7,0.5,1.4,1.6,2.3,9.3,0,0,0
Ronnie Brewer,33.0,8.5,0.511,3.4,0.34,5.4,0.6709999999999999,5.0,3.3,2.4,0.5,2.3,1.7,15.7,0,0,1
Cameron Bairstow,20.8,6.0,0.519,0.0,0.333,4.2,0.7170000000000001,4.8,0.8,0.5,0.7,1.2,2.1,9.2,0,1,0
C.J. Wilcox,28.5,5.4,0.481,5.9,0.389,2.7,0.84,3.4,1.6,0.9,0.7,1.4,1.9,14.4,0,0,1
Justin Reed,28.7,10.4,0.5,1.3,0.285,4.4,0.7070000000000001,6.3,1.1,1.0,0.7,2.4,3.2,14.6,0,1,0
Rashad McCants,29.2,7.4,0.5379999999999999,5.4,0.415,3.8,0.721,4.1,2.1,1.5,0.6,2.2,2.4,17.6,0,0,1
Lionel Chalmers,31.7,4.7,0.483,5.1,0.3720000000000001,3.4,0.716,2.9,3.3,1.3,0.1,2.7,2.2,12.7,0,0,1
Kevin Martin,31.8,9.1,0.542,6.4,0.34600000000000003,8.0,0.841,4.5,1.7,1.7,0.4,2.9,2.1,23.3,0,0,1
Lauri Markkanen,30.8,5.8,0.545,4.4,0.423,4.4,0.835,7.2,0.9,0.4,0.5,1.1,2.0,15.6,0,1,0
Jameer Nelson,34.5,7.4,0.514,5.0,0.365,4.7,0.7859999999999999,4.6,5.7,2.0,0.1,3.0,2.2,16.8,0,0,1
Chris Singleton,29.1,5.1,0.476,3.3,0.33,3.5,0.5920000000000001,6.2,1.5,1.9,1.4,2.4,3.1,10.3,0,1,0
Charles Jenkins,35.9,10.8,0.482,3.7,0.382,6.2,0.8109999999999999,4.3,3.8,1.7,0.6,3.0,2.5,19.6,0,0,1
Alec Peters,31.7,6.9,0.539,5.2,0.416,4.2,0.846,7.4,1.5,0.8,0.3,1.9,2.1,17.5,0,1,0
Ivan Rabb,30.6,8.5,0.5489999999999999,0.3,0.409,5.2,0.6659999999999999,9.4,1.2,0.6,1.1,1.8,3.1,13.2,0,1,0
Rafael Araujo,27.4,9.8,0.5870000000000001,0.7,0.268,4.5,0.691,9.5,1.2,1.4,0.6,2.9,3.4,15.1,0,0,0
Isaiah Whitehead,30.5,7.8,0.387,5.8,0.359,4.6,0.757,3.7,4.5,1.3,1.1,3.4,2.3,15.8,0,0,1
Melvin Frazier,27.7,5.2,0.5720000000000001,2.8,0.312,3.2,0.653,4.4,1.7,1.6,0.5,2.0,2.0,10.6,0,0,1
Landry Shamet,28.6,3.6,0.542,5.1,0.4370000000000001,2.8,0.8109999999999999,3.0,4.1,0.8,0.2,1.5,2.1,12.9,0,0,1
Tony Wroten,30.3,11.2,0.483,1.6,0.161,7.5,0.583,5.0,3.7,1.9,0.4,3.8,2.7,16.0,0,0,1
Markel Brown,30.5,6.2,0.486,3.1,0.34700000000000003,4.1,0.733,4.3,2.3,1.0,0.8,1.8,2.1,12.4,0,0,1
Kevon Looney,30.9,7.4,0.481,1.5,0.415,4.1,0.626,9.2,1.4,1.3,0.9,1.3,2.9,11.6,0,1,0
Tamar Slay,28.8,6.7,0.491,5.7,0.386,3.4,0.7490000000000001,4.4,2.2,1.2,0.5,2.4,2.3,15.7,0,0,1
Dwight Powell,26.2,7.3,0.484,0.8,0.289,4.1,0.722,6.3,1.8,0.9,0.9,2.1,2.9,10.8,0,1,0
Richaun Holmes,26.5,6.8,0.58,0.9,0.353,3.8,0.6970000000000001,6.9,0.7,0.8,2.6,1.5,2.5,11.5,0,1,0
Eric Bledsoe,30.3,5.0,0.516,3.5,0.383,3.3,0.667,3.1,2.9,1.4,0.3,3.0,2.2,11.3,0,0,1
Kemba Walker,32.9,8.7,0.469,3.5,0.326,5.8,0.7829999999999999,4.4,4.1,1.7,0.3,2.3,1.5,16.1,1,0,1
Lazar Hayward,26.4,7.3,0.4970000000000001,3.4,0.35700000000000004,3.3,0.789,6.6,0.9,1.1,0.3,1.7,2.7,13.5,0,1,0
Tayshaun Prince,29.8,5.9,0.556,4.6,0.329,2.7,0.743,5.6,1.9,0.8,1.1,1.7,1.4,13.1,0,1,0
Chimezie Metu,27.0,8.5,0.545,0.4,0.302,3.9,0.6920000000000001,6.3,1.2,0.7,1.6,1.7,2.5,12.3,0,1,0
Al Horford,25.7,6.6,0.589,0.0,0.0,4.1,0.619,7.9,1.7,0.9,1.7,1.6,2.5,10.3,1,0,0
Drew Gooden,26.2,11.7,0.503,0.6,0.306,4.7,0.698,9.2,1.6,1.1,1.1,2.6,2.5,15.6,0,1,0
Acie Law,30.8,8.0,0.502,2.6,0.35700000000000004,3.7,0.76,3.1,4.5,1.3,0.0,2.5,2.6,13.7,0,0,1
Jeff Teague,30.9,8.2,0.477,3.0,0.421,5.9,0.812,3.0,3.0,1.9,0.6,3.0,2.3,16.4,1,0,1
Kelly Olynyk,17.2,4.9,0.634,0.7,0.333,2.8,0.7090000000000001,4.6,1.1,0.5,0.5,1.4,2.0,8.9,0,0,0
Nate Wolters,33.1,9.9,0.49,3.6,0.342,6.4,0.8029999999999999,4.7,5.3,1.5,0.2,2.2,1.8,18.5,0,0,1
Malik Hairston,31.2,7.2,0.551,3.1,0.395,3.7,0.643,5.1,2.1,0.6,0.6,2.0,2.5,14.1,0,0,1
Lorenzo Brown,32.6,7.4,0.464,2.1,0.305,3.8,0.741,4.2,5.8,1.7,0.5,3.0,1.9,11.6,0,0,1
Donte DiVincenzo,25.4,3.6,0.573,4.0,0.378,2.2,0.705,4.0,2.4,0.9,0.2,1.6,1.8,10.2,0,0,1
Arron Afflalo,32.7,5.5,0.539,5.4,0.373,3.6,0.7809999999999999,3.5,1.9,0.6,0.2,2.0,2.1,14.8,0,0,1
Jeff Green,33.2,7.3,0.531,2.4,0.359,3.9,0.7,6.5,3.1,0.9,1.2,2.5,2.5,13.1,0,1,0
James Young,32.4,5.4,0.47,5.9,0.349,4.4,0.706,4.3,1.7,0.8,0.2,1.9,2.1,14.3,0,0,1
Matt Freije,28.7,7.4,0.501,4.3,0.355,4.7,0.7859999999999999,4.9,0.9,0.7,0.6,1.4,2.2,15.6,0,1,0
Kyrie Irving,27.5,5.9,0.569,3.5,0.462,6.5,0.901,3.4,4.3,1.5,0.5,2.5,2.1,17.5,1,0,1
Jerryd Bayless,35.7,7.8,0.489,4.8,0.407,7.4,0.8390000000000001,2.7,4.0,1.0,0.1,3.0,2.2,19.7,0,0,1
Will Solomon,29.1,6.5,0.418,6.2,0.366,4.1,0.7170000000000001,2.8,2.6,1.2,0.4,3.4,2.5,15.2,0,0,1
Gabe Pruitt,32.4,4.5,0.496,5.7,0.393,3.3,0.778,3.1,3.5,2.0,0.2,2.4,2.3,13.8,0,0,1
Shai Gilgeous-Alexander,33.7,8.6,0.5,1.5,0.404,4.7,0.8170000000000001,4.1,5.1,1.6,0.5,2.7,1.7,14.4,0,0,1
Jimmer Fredette,29.6,7.8,0.4970000000000001,5.4,0.394,5.1,0.882,2.6,3.7,1.2,0.1,2.5,1.2,18.7,0,0,1
Wade Baldwin,29.6,5.1,0.436,2.9,0.422,4.4,0.8,4.1,4.8,1.3,0.2,2.3,2.5,11.6,0,0,1
Joel Bolomboy,28.8,6.4,0.547,0.7,0.371,5.0,0.713,10.1,0.7,0.6,1.4,2.0,2.3,11.4,0,1,0
Nick Young,31.1,9.2,0.518,2.7,0.368,3.9,0.764,5.1,1.4,0.8,0.3,2.1,2.5,15.5,0,0,1
Tyler Ennis,35.7,8.1,0.429,2.5,0.353,4.4,0.765,3.4,5.5,2.1,0.2,1.7,2.0,12.9,0,0,1
Marquis Teague,32.6,6.8,0.438,2.0,0.325,3.0,0.7140000000000001,2.5,4.8,0.9,0.3,2.7,2.3,10.0,0,0,1
Mike Conley,31.6,6.2,0.579,1.8,0.304,3.7,0.6940000000000001,3.4,6.1,2.2,0.3,2.2,1.5,11.3,0,0,1
Kyle Kuzma,21.0,5.9,0.5670000000000001,1.8,0.302,2.8,0.633,5.5,1.5,0.3,0.4,1.6,1.6,10.1,0,1,0
Michael Carter-Williams,25.4,4.8,0.438,2.1,0.307,3.2,0.679,3.6,5.2,2.0,0.4,2.3,1.8,8.2,0,0,1
Kendall Marshall,28.8,3.8,0.484,1.8,0.366,2.2,0.693,2.3,8.0,1.1,0.1,2.6,1.5,7.2,0,0,1
Jimmy Butler,29.6,6.4,0.525,0.9,0.383,5.6,0.773,5.5,1.7,1.1,0.5,1.0,1.7,12.0,1,1,0
Charlie Villanueva,22.3,7.4,0.534,1.0,0.393,3.2,0.6809999999999999,6.7,1.0,0.4,1.7,1.7,2.2,11.2,0,1,0
Curtis Borchardt,21.6,6.0,0.551,0.6,0.375,4.2,0.691,7.2,1.2,0.4,2.2,1.4,2.3,10.2,0,0,0
Dion Waiters,20.4,4.9,0.513,2.8,0.348,2.3,0.753,1.9,2.0,1.5,0.2,1.1,1.6,9.7,0,0,1
Troy Murphy,35.1,12.5,0.522,2.0,0.335,8.0,0.777,9.8,1.7,1.2,1.3,3.0,2.9,21.4,0,1,0
Darius Morris,29.8,6.5,0.528,1.5,0.223,2.9,0.695,2.9,4.8,0.8,0.1,2.3,2.0,9.9,0,0,1
Tyreke Evans,29.0,10.3,0.514,3.4,0.274,5.2,0.711,5.4,3.9,2.1,0.8,3.6,2.4,17.1,0,0,1
Chandler Hutchison,24.0,7.1,0.508,1.8,0.353,4.2,0.687,5.5,2.1,1.0,0.2,1.9,2.2,12.0,0,0,1
Thaddeus Young,29.6,8.9,0.498,3.0,0.419,2.3,0.743,4.9,2.0,1.3,0.4,2.2,2.0,14.4,0,1,0
Josh McRoberts,29.7,7.0,0.5589999999999999,0.5,0.278,3.8,0.664,6.5,2.4,1.2,1.9,1.9,2.8,10.8,0,1,0
Nick Calathes,33.0,6.8,0.507,4.8,0.38,5.4,0.715,5.3,6.3,1.8,0.1,3.1,2.0,16.3,0,0,1
Guillermo Diaz,32.6,7.5,0.493,4.9,0.38,3.9,0.74,3.4,2.6,1.3,0.3,2.1,1.8,15.9,0,0,1
Terrence Ross,24.4,5.5,0.528,4.6,0.364,1.8,0.764,4.7,1.2,0.9,0.7,1.4,2.4,12.3,0,1,0
Malachi Richardson,34.4,5.1,0.388,6.1,0.353,4.2,0.72,4.3,2.1,1.1,0.3,2.1,2.5,13.4,0,0,1
Nick Collison,27.4,10.3,0.5710000000000001,0.5,0.359,4.0,0.624,8.0,1.8,1.1,1.7,2.4,2.9,14.8,0,1,0
Vincent Yarbrough,30.4,6.8,0.5,4.1,0.34,3.8,0.687,6.8,2.3,1.7,1.0,2.2,1.9,13.7,0,0,1
Andre Drummond,28.4,8.5,0.541,0.1,0.0,2.6,0.295,7.6,0.4,0.8,2.7,1.5,2.2,10.0,1,0,0
Terence Morris,29.8,7.4,0.542,2.2,0.338,3.2,0.78,6.8,1.7,1.2,1.9,2.2,1.9,12.7,0,1,0
Shelvin Mack,31.2,5.8,0.48,5.6,0.35700000000000004,3.4,0.755,4.2,3.3,1.1,0.1,2.2,1.9,14.1,0,0,1
Chris Bosh,31.0,8.2,0.575,1.5,0.478,5.6,0.73,9.0,1.2,1.0,2.2,2.3,2.4,15.6,1,1,0
Jordan Farmar,32.2,6.4,0.463,4.4,0.333,4.0,0.76,3.0,5.2,1.2,0.2,3.8,2.1,13.3,0,0,1
Jakob Poeltl,26.9,7.7,0.659,0.0,0.0,5.2,0.605,8.0,1.3,0.5,1.7,1.8,2.4,13.3,0,0,0
Kyle Weaver,29.8,5.9,0.505,1.3,0.277,3.6,0.716,4.7,3.8,1.6,0.8,2.6,2.0,9.6,0,0,1
Dante Cunningham,27.2,7.0,0.525,0.0,0.333,3.2,0.693,5.9,1.0,1.2,0.8,1.8,2.8,9.6,0,1,0
Alex Acker,34.4,7.9,0.476,3.3,0.411,3.5,0.823,5.6,2.8,1.5,0.4,2.6,1.9,14.5,0,0,1
Josh Huestis,25.0,4.9,0.4920000000000001,1.5,0.319,2.1,0.61,6.2,0.8,0.5,1.4,0.9,1.7,7.5,0,1,0
Devonte' Graham,31.7,4.0,0.4370000000000001,5.1,0.409,3.2,0.787,3.1,4.5,1.4,0.1,1.9,1.7,12.3,0,0,1
Maurice Harkless,36.1,10.9,0.506,2.5,0.215,4.3,0.6759999999999999,8.6,1.5,1.6,1.4,2.5,2.3,15.5,0,1,0
Chris Duhon,33.4,3.7,0.511,3.5,0.321,2.4,0.693,3.4,5.7,2.1,0.1,2.5,1.9,8.8,0,0,1
Elfrid Payton,31.6,9.2,0.512,1.1,0.268,6.5,0.611,5.1,4.9,2.0,0.5,3.4,2.3,14.3,0,0,1
Roy Hibbert,23.3,7.0,0.602,0.0,1.0,3.5,0.68,5.9,1.3,0.4,1.9,1.5,2.5,10.9,1,0,0
Anthony Davis,30.1,8.0,0.47,3.6,0.311,3.3,0.728,4.4,2.3,1.6,0.3,2.0,2.2,13.3,1,1,0
Zach Randolph,19.8,7.1,0.59,0.0,0.0,3.8,0.635,6.7,1.0,0.7,0.7,1.6,1.8,10.8,1,1,0
Jalen Brunson,28.9,5.9,0.5870000000000001,3.9,0.393,3.5,0.82,2.5,3.7,0.8,0.0,1.9,1.8,14.4,0,0,1
Semaj Christon,34.8,11.1,0.476,1.2,0.338,6.6,0.67,2.8,4.4,1.4,0.2,3.1,2.4,16.2,0,0,1
Trae Young,35.4,9.1,0.493,10.3,0.36,8.6,0.861,3.9,8.7,1.7,0.3,5.2,1.8,27.4,0,0,1
Mo Williams,33.7,6.1,0.4920000000000001,4.8,0.294,3.4,0.847,3.9,4.2,1.5,0.1,3.0,2.4,13.1,1,0,1
Jermaine Taylor,25.8,7.0,0.536,5.5,0.376,3.3,0.764,3.9,1.4,0.9,0.4,2.2,1.7,16.2,0,0,1
Luol Deng,31.1,8.9,0.515,3.0,0.36,3.7,0.71,6.9,1.8,1.3,1.1,2.2,2.2,15.1,1,1,0
Hassan Whiteside,26.1,9.2,0.522,0.1,0.6,5.5,0.588,8.9,0.3,0.6,5.4,1.9,2.4,13.1,0,0,0
Rodney Carney,27.6,6.0,0.468,6.0,0.362,3.1,0.7170000000000001,4.9,1.2,1.0,1.0,1.4,2.1,14.3,0,1,0
Jae Crowder,30.2,6.5,0.581,4.1,0.35,4.0,0.6829999999999999,7.6,1.8,1.9,0.9,1.0,2.5,14.6,0,1,0
Francisco Garcia,28.1,5.5,0.519,5.0,0.369,3.7,0.8490000000000001,3.9,3.5,1.5,1.4,2.4,2.7,14.4,0,1,0
Jawun Evans,29.1,10.2,0.458,2.5,0.407,5.1,0.818,3.8,5.8,1.5,0.1,2.7,2.4,16.6,0,0,1
Keith Bogans,29.0,5.9,0.527,5.5,0.342,3.5,0.688,4.1,2.3,1.1,0.1,2.3,2.0,14.2,0,0,1
Leon Powe,32.5,11.9,0.495,0.2,0.3,8.8,0.672,9.8,1.1,0.8,0.6,2.2,2.4,17.8,0,1,0
John Collins,20.7,8.2,0.602,0.0,0.0,4.9,0.7290000000000001,7.0,0.4,0.5,1.2,1.4,2.8,13.4,0,1,0
Justise Winslow,29.1,6.3,0.516,2.8,0.418,4.0,0.6409999999999999,6.5,2.1,1.3,0.9,1.8,2.8,12.6,0,1,0
Michael Beasley,31.5,14.6,0.562,2.9,0.379,8.5,0.774,12.4,1.2,1.3,1.6,2.9,2.6,26.2,0,1,0
Josh Okogie,33.0,9.4,0.454,2.8,0.382,6.6,0.777,5.8,2.0,1.5,0.8,2.3,2.7,16.9,0,0,1
Tyrus Thomas,25.9,7.8,0.606,0.0,1.0,4.3,0.657,9.2,1.3,1.0,3.1,1.8,2.6,12.3,0,1,0
Rajon Rondo,28.1,6.0,0.544,1.5,0.28300000000000003,3.3,0.5770000000000001,4.5,4.2,2.3,0.2,2.2,2.0,9.6,1,0,1
Keita Bates-Diop,24.8,5.9,0.537,3.2,0.35200000000000004,2.5,0.7759999999999999,5.7,1.1,0.6,1.2,1.2,1.4,11.7,0,1,0
Raymond Felton,33.9,5.1,0.467,4.6,0.375,3.5,0.731,4.1,6.9,1.9,0.3,3.6,2.3,12.5,0,0,1
Marcus Haislip,17.1,4.7,0.568,1.1,0.373,2.5,0.705,3.4,0.5,0.3,1.3,1.1,2.4,8.4,0,1,0
Michael Kidd-Gilchrist,31.1,6.9,0.535,1.3,0.255,4.8,0.745,7.4,1.9,1.0,0.9,2.2,2.4,11.9,0,1,0
Kim English,24.2,4.4,0.444,4.3,0.394,2.9,0.727,3.0,1.4,1.1,0.2,1.7,1.8,11.1,0,0,1
Thomas Bryant,25.3,6.4,0.63,1.1,0.373,4.1,0.718,6.2,1.2,0.6,1.2,2.0,2.9,12.2,0,0,0
David Noel,23.2,3.7,0.6,1.4,0.354,1.6,0.5870000000000001,4.3,1.9,1.1,0.5,1.7,2.0,6.9,0,1,0
Brian Cook,25.7,7.3,0.5579999999999999,2.1,0.339,3.7,0.7929999999999999,6.2,1.3,0.7,1.0,2.0,3.0,13.2,0,1,0
Casey Jacobsen,31.8,6.8,0.505,5.5,0.4270000000000001,5.6,0.7709999999999999,3.8,2.7,0.5,0.1,2.0,1.4,18.1,0,0,1
A.J. Hammons,24.3,8.4,0.544,0.2,0.261,4.0,0.69,7.0,0.8,0.4,2.6,2.1,2.5,12.1,0,0,0
Austin Daye,22.5,6.4,0.495,2.2,0.422,3.1,0.79,5.8,1.0,0.7,1.9,1.9,2.6,11.6,0,1,0
P.J. Tucker,28.9,9.5,0.527,0.0,0.5,4.7,0.711,8.2,2.0,1.3,0.3,2.2,2.5,13.4,0,1,0
Kevin Knox,32.4,7.4,0.509,4.5,0.341,4.4,0.774,5.4,1.4,0.8,0.3,2.3,2.2,15.6,0,1,0
Joe Harris,10.1,1.2,0.556,1.6,0.375,0.3,0.0,1.6,0.3,0.2,0.0,0.4,0.7,3.1,0,0,1
James Ennis,31.0,4.9,0.611,4.1,0.354,3.6,0.7879999999999999,5.4,2.4,1.7,1.0,2.5,2.4,13.2,0,1,0
Paul Davis,25.8,8.4,0.5489999999999999,0.4,0.271,4.8,0.763,7.0,1.4,1.1,0.7,2.1,2.6,13.2,0,0,0
DeMarcus Cousins,23.5,9.6,0.565,0.2,0.16699999999999998,7.1,0.604,9.8,1.0,1.0,1.8,2.1,3.2,15.1,1,0,0
Quincy Miller,24.4,6.5,0.475,1.9,0.348,3.1,0.816,4.9,1.4,0.7,0.6,1.8,1.9,10.6,0,1,0
Travis Diener,31.4,4.5,0.42,5.7,0.413,3.8,0.8370000000000001,3.1,5.1,1.3,0.1,1.9,2.1,14.1,0,0,1
Tyler Ulis,30.1,5.1,0.462,3.3,0.371,3.4,0.846,2.4,5.3,1.2,0.1,1.5,1.7,11.3,0,0,1
Will Barton,32.9,8.4,0.546,3.6,0.299,3.7,0.733,6.5,2.9,1.5,0.6,2.3,2.2,15.2,0,0,1
Roger Mason,29.6,5.9,0.479,4.1,0.375,4.1,0.8690000000000001,3.0,2.6,1.0,0.4,2.2,2.3,13.8,0,0,1
Tito Maddox,32.3,8.4,0.4270000000000001,2.8,0.28600000000000003,5.5,0.703,5.8,8.0,1.6,0.2,5.2,2.7,13.5,0,0,1
Eric Gordon,34.7,6.8,0.525,6.5,0.337,8.7,0.8340000000000001,3.3,2.4,1.3,0.6,3.6,2.2,20.9,0,0,1
Willie Warren,31.7,5.8,0.55,4.9,0.35,4.8,0.7879999999999999,2.6,3.5,1.1,0.1,2.8,2.3,15.2,0,0,1
Travis Hansen,27.4,7.4,0.455,2.4,0.369,4.9,0.774,4.8,1.7,0.7,0.4,2.0,2.8,13.2,0,0,1
Mike Sweetney,29.0,11.6,0.546,0.0,0.0,7.7,0.727,9.2,1.8,1.1,1.9,2.5,2.3,18.2,0,1,0
Chris Wilcox,16.6,6.1,0.522,0.0,0.0,2.6,0.589,4.7,1.0,0.5,1.0,1.0,2.0,7.9,0,1,0
Jared Cunningham,14.8,2.6,0.419,2.3,0.329,1.0,0.75,2.6,0.4,0.4,0.4,0.7,2.1,5.2,0,0,1
Earl Watson,34.5,5.9,0.507,3.0,0.341,3.3,0.654,3.8,4.7,1.8,0.4,3.5,2.2,11.2,0,0,1
Mohamed Bamba,30.2,7.3,0.603,1.7,0.275,4.0,0.6809999999999999,10.5,0.5,0.8,3.7,1.5,2.5,12.9,0,0,0
Steve Blake,31.3,3.3,0.423,3.5,0.381,2.0,0.7709999999999999,3.4,7.0,1.7,0.3,3.3,2.1,8.3,0,0,1
Joel Embiid,23.1,5.9,0.639,0.2,0.2,5.1,0.685,8.1,1.4,0.9,2.6,2.4,3.4,11.2,1,0,0
Darnell Jackson,16.6,4.2,0.583,0.0,0.333,2.6,0.685,4.9,0.5,0.5,0.4,1.0,1.8,6.8,0,1,0
John Salmons,30.8,5.5,0.523,2.2,0.321,3.1,0.805,5.5,3.5,1.5,0.7,2.6,2.5,10.4,0,0,1
Kris Joseph,26.6,5.4,0.501,2.4,0.331,3.9,0.7020000000000001,4.5,1.5,1.3,0.5,1.6,1.6,10.5,0,1,0
Justin Harper,22.9,4.7,0.557,3.4,0.382,2.1,0.711,4.8,0.7,0.6,0.8,1.3,2.2,10.6,0,1,0
Sonny Weems,31.2,7.3,0.527,3.7,0.366,2.1,0.767,4.6,2.3,1.3,0.3,2.7,2.0,13.3,0,0,1
Andrew Bogut,32.7,10.4,0.616,0.5,0.361,4.7,0.674,11.1,2.3,0.7,1.6,2.7,2.3,16.6,0,0,0
Jamaal Tinsley,32.5,8.4,0.405,2.3,0.327,4.9,0.685,4.5,6.3,2.6,0.8,4.0,2.9,12.5,0,0,1
Dejounte Murray,33.5,10.8,0.457,3.5,0.28800000000000003,4.9,0.6629999999999999,6.0,4.4,1.8,0.3,3.2,2.6,16.1,0,0,1
Kevin Huerter,31.9,3.6,0.5720000000000001,5.4,0.394,2.0,0.748,5.0,3.0,0.8,0.7,1.9,2.1,12.0,0,0,1
Joe Johnson,30.3,9.3,0.485,2.9,0.406,3.2,0.753,6.1,2.4,1.7,0.5,2.5,1.7,15.0,1,0,1
Brandon Hunter,32.6,10.7,0.525,1.0,0.339,7.8,0.608,9.3,2.1,0.8,0.7,3.4,2.6,16.9,0,1,0
Caron Butler,34.5,11.9,0.482,1.9,0.364,5.9,0.768,7.6,3.0,2.1,0.3,2.7,2.4,18.0,1,1,0
Khris Middleton,26.0,5.8,0.494,3.3,0.321,3.1,0.768,4.6,2.0,1.0,0.2,2.0,2.1,11.3,1,1,0
Ronny Turiaf,25.5,8.0,0.524,0.1,0.222,7.1,0.715,6.8,1.0,0.5,1.4,2.1,2.9,13.6,0,1,0
Antonio Burks,30.6,7.4,0.484,1.7,0.401,3.0,0.6729999999999999,2.6,5.4,1.9,0.2,2.3,2.3,11.3,0,0,1
Ryan Anderson,33.0,8.5,0.532,4.7,0.396,5.0,0.841,9.0,1.0,0.5,0.5,1.8,2.5,18.7,0,1,0
Josh Harrellson,15.8,3.3,0.5710000000000001,0.3,0.31,1.0,0.649,4.7,0.4,0.5,0.9,0.6,1.4,4.7,0,0,0
Tyler Dorsey,30.0,5.1,0.493,5.0,0.416,3.9,0.732,3.9,1.8,0.8,0.1,1.7,1.8,14.1,0,0,1
John Henson,23.8,8.5,0.505,0.2,0.208,3.2,0.484,8.1,1.0,0.6,2.5,1.5,1.5,10.3,0,0,0
Erick Green,28.3,7.3,0.48,3.2,0.338,4.0,0.804,2.6,2.5,1.2,0.2,1.4,1.6,13.5,0,0,1
Gordon Hayward,33.1,4.6,0.569,4.6,0.369,4.9,0.8240000000000001,7.4,1.8,1.3,0.9,2.0,2.1,14.4,1,1,0
Lester Hudson,36.5,10.8,0.53,9.5,0.3720000000000001,5.2,0.858,7.9,4.4,2.6,0.6,3.6,2.7,26.6,0,0,1
Daequan Cook,19.7,4.8,0.465,3.3,0.415,1.7,0.6970000000000001,4.3,1.0,0.7,0.3,1.4,1.7,9.8,0,0,1
Domantas Sabonis,26.6,8.0,0.638,0.2,0.35700000000000004,4.2,0.7290000000000001,9.4,1.3,0.5,0.6,2.0,3.0,13.5,0,1,0
Solomon Hill,29.0,5.1,0.528,2.2,0.375,3.3,0.745,5.6,2.2,0.9,0.4,2.1,2.4,10.3,0,1,0
Jerian Grant,36.4,6.4,0.498,4.4,0.345,4.8,0.79,2.9,5.8,1.5,0.3,2.2,1.8,14.6,0,0,1
Paul Millsap,35.2,12.2,0.58,0.2,0.375,6.8,0.62,12.7,0.9,1.3,2.0,2.4,3.1,18.6,1,1,0
Jerome Robinson,25.1,3.9,0.477,2.3,0.375,2.8,0.741,3.2,1.8,0.8,0.6,1.5,1.8,8.4,0,0,1
Khyri Thomas,27.2,5.1,0.578,3.2,0.406,2.1,0.7190000000000001,4.6,2.5,1.4,0.3,1.6,1.8,11.2,0,0,1
CJ McCollum,32.9,10.5,0.47,5.2,0.377,6.7,0.825,6.3,2.7,2.1,0.5,2.4,1.8,21.3,0,0,1
Alex Len,24.5,6.8,0.5479999999999999,0.2,0.111,3.3,0.6629999999999999,7.0,0.8,0.2,2.1,1.6,2.6,9.7,0,0,0
Maurice Ager,25.6,5.3,0.4920000000000001,4.3,0.38,3.2,0.775,3.4,1.5,0.5,0.3,1.7,1.9,12.5,0,0,1
Jamison Brewer,23.2,3.5,0.525,1.0,0.22,2.5,0.527,4.7,4.1,1.1,0.1,2.2,1.3,5.7,0,0,1
Joe Crawford,25.3,5.0,0.512,4.2,0.35,2.6,0.7020000000000001,3.4,1.5,0.5,0.2,1.6,1.9,11.3,0,1,0
Jason Thompson,32.1,11.0,0.544,0.8,0.29100000000000004,6.0,0.667,9.6,2.0,0.9,1.9,2.6,3.0,16.7,0,1,0
Jackson Vroman,30.6,9.5,0.569,0.2,0.077,4.7,0.512,9.5,2.1,1.2,1.1,2.8,3.6,13.2,0,1,0
Terrence Jones,30.4,9.1,0.493,1.7,0.328,5.3,0.638,8.0,1.5,1.2,1.8,1.8,2.4,14.0,0,1,0
Andrew Wiggins,32.8,8.5,0.493,3.6,0.341,6.5,0.775,5.9,1.5,1.2,1.0,2.3,2.7,17.1,0,1,0
Rashad Vaughn,32.3,8.1,0.481,6.1,0.383,4.3,0.6940000000000001,4.8,1.6,0.8,0.3,2.2,2.3,17.8,0,0,1
Tyrone Wallace,31.6,7.9,0.464,3.1,0.292,4.2,0.613,5.2,3.4,1.1,0.4,2.2,2.5,12.6,0,0,1
Patrick Patterson,34.0,10.1,0.604,0.8,0.329,4.3,0.7340000000000001,8.2,1.5,0.7,1.6,1.6,2.1,16.1,0,1,0
Collin Sexton,29.9,9.3,0.495,4.0,0.336,7.6,0.778,3.8,3.6,0.8,0.1,2.8,2.5,19.2,0,0,1
Malcolm Lee,26.7,4.8,0.5329999999999999,2.7,0.278,3.2,0.7170000000000001,3.0,2.0,0.8,0.2,1.7,2.0,9.7,0,0,1
Larry Sanders,23.5,7.7,0.526,0.2,0.25,3.6,0.5770000000000001,7.7,0.5,0.6,2.7,1.5,3.1,10.3,0,0,0
Anthony Brown,13.1,2.2,0.505,0.1,0.14300000000000002,1.2,0.569,2.3,0.3,0.3,0.4,0.4,2.0,3.0,0,1,0
Alec Burks,30.9,10.4,0.5329999999999999,2.2,0.313,7.3,0.804,5.8,2.4,1.1,0.4,2.3,2.4,19.0,0,0,1
Allen Crabbe,34.7,6.6,0.5,5.6,0.382,3.3,0.8190000000000001,5.7,2.2,0.9,0.6,1.9,1.7,15.7,0,0,1
Javaris Crittenton,31.3,7.8,0.488,3.2,0.35600000000000004,4.3,0.7829999999999999,3.7,5.8,2.0,0.1,3.9,2.1,14.4,0,0,1
Greivis Vasquez,33.6,7.9,0.487,5.1,0.329,3.9,0.828,4.8,5.7,1.4,0.3,3.3,2.2,16.0,0,0,1
Delonte West,26.8,7.0,0.544,3.4,0.377,3.0,0.831,4.2,3.0,1.4,0.2,2.0,1.9,13.9,0,0,1
Damone Brown,29.2,7.9,0.525,0.8,0.225,2.7,0.742,6.0,1.1,1.0,0.8,1.6,2.4,10.9,0,1,0
Corey Brewer,27.2,5.7,0.536,2.6,0.35600000000000004,3.6,0.708,4.3,2.8,1.6,0.4,2.3,2.2,11.3,0,1,0
Quincy Douby,32.1,7.3,0.473,6.8,0.389,3.6,0.82,2.9,2.7,1.3,0.7,2.2,1.8,17.8,0,0,1
Jake Layman,27.9,3.8,0.53,3.9,0.362,2.6,0.759,4.8,1.1,0.9,0.8,1.4,1.9,10.2,0,1,0
Wesley Iwundu,28.2,5.8,0.488,1.1,0.338,3.8,0.688,4.7,2.8,0.9,0.4,2.1,2.1,9.5,0,1,0
Zhaire Smith,28.4,6.4,0.574,1.1,0.45,3.4,0.7170000000000001,5.0,1.8,1.1,1.1,1.1,1.8,11.3,0,0,1
Omari Spellman,28.1,4.7,0.511,3.8,0.433,1.8,0.7,8.0,0.8,0.7,1.5,1.0,2.3,10.9,0,1,0
Frank Kaminsky,20.4,5.1,0.58,1.9,0.369,2.7,0.763,4.6,1.3,0.5,1.1,0.8,1.6,10.1,0,1,0
DeAndre Liggins,21.9,2.9,0.455,1.9,0.332,2.0,0.643,3.0,2.1,0.9,0.5,1.5,1.9,5.8,0,0,1
Bobby Simmons,31.6,6.2,0.49,3.9,0.331,4.6,0.7829999999999999,7.5,2.2,1.3,0.2,2.5,2.9,13.6,0,0,1
Cameron Payne,32.4,8.3,0.487,6.3,0.359,4.7,0.7809999999999999,3.7,5.7,1.8,0.5,2.9,2.4,18.5,0,0,1
Gorgui Dieng,27.3,6.0,0.546,0.0,0.333,2.7,0.64,7.9,1.2,1.0,2.6,1.6,2.7,8.3,0,0,0
Kawhi Leonard,31.9,9.7,0.4970000000000001,2.3,0.25,3.7,0.7440000000000001,10.2,2.2,1.4,0.6,2.2,2.5,14.1,1,1,0
Victor Oladipo,24.6,5.9,0.585,1.4,0.338,3.5,0.716,5.2,1.7,1.5,0.5,2.0,2.4,10.7,1,0,1
Derrick Brown,25.0,5.3,0.61,1.2,0.415,3.3,0.718,5.6,1.5,0.7,0.8,1.6,2.5,10.3,0,1,0
Miles Bridges,31.6,7.8,0.537,5.5,0.375,3.2,0.7759999999999999,7.6,2.4,0.6,1.1,2.1,1.7,17.0,0,0,1
Bradley Beal,34.2,5.6,0.541,5.0,0.339,4.7,0.769,6.7,2.2,1.4,0.8,2.1,2.1,14.8,1,0,1
J.J. Hickson,28.7,8.9,0.593,0.0,0.0,6.3,0.677,8.5,1.0,0.7,1.5,2.7,1.9,14.8,0,1,0
Solomon Jones,31.2,7.2,0.507,0.0,0.0,3.6,0.693,8.0,1.0,0.6,2.6,2.7,3.4,9.8,0,1,0
Jason Maxiell,27.6,8.5,0.509,0.1,0.28600000000000003,5.2,0.653,7.0,0.7,0.7,1.9,1.5,2.6,12.1,0,1,0
Josh Childress,28.6,6.6,0.494,3.6,0.335,2.8,0.755,6.8,1.8,0.9,1.1,1.7,2.1,12.3,0,0,1
Ramon Sessions,29.2,6.7,0.43,0.8,0.313,3.0,0.74,4.2,4.9,1.2,0.1,2.6,1.3,8.8,0,0,1
Glen Davis,32.0,11.1,0.51,0.9,0.31,6.5,0.6940000000000001,9.6,1.5,1.1,1.2,2.4,2.6,16.7,0,1,0
Sean Singletary,32.8,7.9,0.433,5.0,0.362,5.5,0.846,4.0,4.8,1.6,0.1,3.3,2.7,16.9,0,0,1
Dan Gadzuric,24.1,8.2,0.5489999999999999,0.0,0.0,3.5,0.449,6.6,0.6,0.7,1.5,1.8,2.8,10.5,0,0,0
Xavier Henry,27.5,5.3,0.4920000000000001,4.6,0.418,3.2,0.7829999999999999,4.4,1.5,1.5,0.5,1.9,1.8,13.4,0,0,1
Andre Roberson,28.3,5.7,0.555,1.4,0.35,3.2,0.5820000000000001,10.0,1.1,1.6,1.4,1.7,2.6,9.6,0,0,1
Jarrett Allen,32.2,9.4,0.579,0.2,0.0,4.5,0.564,8.4,0.8,0.6,1.5,2.5,2.1,13.4,0,0,0
Denzel Valentine,29.0,4.6,0.476,4.5,0.408,2.0,0.779,5.9,4.4,0.9,0.3,2.2,2.1,11.4,0,0,1
Draymond Green,25.0,6.3,0.496,1.7,0.361,3.4,0.687,7.6,2.9,1.2,0.8,1.9,2.7,10.5,1,1,0
Jamal Murray,35.2,7.3,0.502,7.7,0.408,4.2,0.7829999999999999,5.2,2.2,1.0,0.3,2.3,2.1,20.0,0,0,1
Edmond Sumner,26.6,6.0,0.483,2.2,0.285,5.1,0.73,3.5,3.8,1.2,0.4,2.2,2.3,11.4,0,0,1
Eddie Griffin,32.6,11.7,0.469,4.3,0.32,3.6,0.7340000000000001,10.8,1.6,0.9,4.4,2.2,2.4,17.8,0,1,0
Malik Monk,32.1,7.8,0.4970000000000001,6.9,0.397,4.7,0.8220000000000001,2.5,2.3,0.9,0.5,2.0,1.9,19.8,0,0,1
Will Blalock,34.3,7.1,0.445,2.9,0.365,2.9,0.7190000000000001,3.1,5.0,1.9,0.1,2.5,1.6,11.6,0,0,1
Markieff Morris,19.3,4.8,0.579,0.9,0.404,2.9,0.653,6.1,1.2,0.6,0.9,1.6,2.7,8.5,0,1,0
Aaron Gordon,31.2,8.9,0.513,1.2,0.35600000000000004,4.7,0.422,8.0,2.0,0.9,1.0,1.4,2.4,12.4,0,1,0
Alando Tucker,32.1,10.0,0.522,2.5,0.307,6.1,0.636,5.7,1.6,0.8,0.2,1.7,1.6,16.5,0,1,0
Davon Reed,28.1,3.9,0.466,3.9,0.395,2.6,0.779,3.6,1.6,0.9,0.4,1.4,1.9,10.3,0,0,1
Craig Brackins,31.8,10.9,0.48,2.5,0.292,4.7,0.726,7.7,1.6,0.5,1.0,2.0,2.0,16.0,0,1,0
Bobby Portis,28.5,10.3,0.54,0.9,0.365,3.9,0.737,7.9,1.3,1.1,1.5,1.4,2.0,15.0,0,1,0
Peyton Siva,26.2,4.5,0.482,2.4,0.29100000000000004,2.8,0.737,2.4,4.7,1.8,0.1,2.7,2.6,8.4,0,0,1
Eric Maynor,30.7,8.3,0.477,3.0,0.37,4.9,0.7909999999999999,3.4,5.2,1.3,0.2,2.4,2.0,15.0,0,0,1
Kelly Oubre,21.0,4.3,0.4970000000000001,2.6,0.358,3.1,0.718,5.0,0.8,1.1,0.4,1.2,2.0,9.3,0,1,0
Frank Williams,31.7,7.6,0.433,4.1,0.326,4.6,0.807,4.0,4.3,2.1,0.3,2.7,1.8,14.3,0,0,1
Andre Emmett,32.3,12.4,0.52,1.4,0.312,4.9,0.703,6.0,1.6,1.3,0.3,1.9,1.3,17.6,0,1,0
Bernard Robinson,30.6,8.5,0.472,1.9,0.297,3.4,0.8140000000000001,5.3,3.0,1.4,0.4,2.9,2.5,12.5,0,0,1
David West,33.4,10.4,0.54,0.4,0.327,6.9,0.757,10.4,2.1,1.4,1.8,2.5,2.8,16.9,1,1,0
Courtney Lee,31.2,8.8,0.498,4.8,0.401,3.7,0.8170000000000001,5.2,2.2,1.9,0.6,2.5,2.5,17.6,0,0,1
Aaron Brooks,32.7,5.4,0.479,4.8,0.374,3.2,0.8340000000000001,3.5,4.1,1.1,0.1,2.6,2.3,13.1,0,0,1
Nolan Smith,26.9,7.3,0.482,3.2,0.368,3.6,0.8,2.8,2.8,1.0,0.1,2.0,1.9,13.4,0,0,1
Luther Head,25.4,3.2,0.594,4.3,0.382,1.9,0.752,3.1,2.5,1.2,0.2,1.5,1.5,10.1,0,0,1
D.J. Wilson,19.4,3.3,0.619,2.0,0.363,1.0,0.8170000000000001,3.3,0.8,0.4,1.0,0.8,1.4,7.1,0,1,0
Justin Anderson,24.1,4.1,0.481,2.8,0.35700000000000004,2.7,0.752,3.5,1.8,0.6,0.9,1.3,1.4,8.9,0,0,1
Trey Lyles,23.0,5.9,0.536,0.8,0.138,2.8,0.735,5.2,1.1,0.5,0.4,1.1,1.6,8.7,0,1,0
Chase Budinger,35.4,7.8,0.524,5.0,0.383,4.0,0.782,5.8,2.8,1.3,0.4,2.1,1.8,17.0,0,1,0
MarShon Brooks,25.3,7.0,0.5429999999999999,4.2,0.333,3.6,0.7390000000000001,4.3,1.5,1.1,0.7,1.8,2.0,14.4,0,0,1
Jacob Evans,29.1,5.0,0.476,4.4,0.377,2.7,0.755,4.3,2.5,1.1,0.9,1.3,2.0,11.7,0,0,1
Salim Stoudamire,29.8,4.3,0.488,5.8,0.458,3.5,0.87,2.2,2.0,0.8,0.1,2.0,2.2,15.2,0,0,1
Dwyane Wade,30.7,13.3,0.512,1.5,0.333,6.2,0.745,6.5,3.9,2.3,1.2,3.1,2.4,19.7,1,0,1
Trenton Hassell,36.2,10.4,0.523,4.2,0.345,5.3,0.779,8.2,4.5,1.1,0.7,3.4,1.5,19.4,0,0,1
T.J. Leaf,29.9,9.2,0.644,1.7,0.466,3.0,0.679,8.2,2.4,0.6,1.1,1.5,2.5,16.3,0,1,0
Daniel Gibson,33.0,3.9,0.451,6.6,0.387,3.4,0.741,3.6,3.5,1.5,0.3,2.4,2.5,13.8,0,0,1
Donte Greene,35.8,7.4,0.4920000000000001,7.5,0.345,3.8,0.7070000000000001,7.2,2.0,1.3,1.6,2.6,2.9,17.7,0,1,0
Marcus Banks,34.3,9.1,0.551,3.1,0.33,6.8,0.731,3.3,4.3,2.5,0.2,3.6,2.9,18.1,0,0,1
Perry Jones,32.2,9.8,0.539,0.7,0.279,3.8,0.6779999999999999,7.4,1.2,0.7,0.7,2.0,2.3,13.7,0,1,0
Malcolm Brogdon,30.6,6.6,0.466,3.7,0.365,3.5,0.8759999999999999,4.1,2.5,0.9,0.2,1.5,1.8,13.3,0,0,1
D.J. White,30.6,9.8,0.563,0.0,0.333,5.1,0.69,7.6,0.9,0.7,2.0,1.7,2.6,14.6,0,1,0
Stephen Curry,32.6,8.3,0.53,9.7,0.412,5.3,0.8759999999999999,4.5,3.7,2.1,0.3,3.0,2.4,25.3,1,0,1
Jeremy Evans,23.5,4.7,0.654,0.2,0.364,2.2,0.684,5.9,0.5,0.6,1.7,1.0,2.4,7.9,0,1,0
Ty Lawson,27.0,5.9,0.568,2.6,0.403,4.1,0.78,2.9,5.8,1.8,0.1,2.1,2.0,13.1,0,0,1
Sean Lampley,32.1,10.2,0.512,0.7,0.21,5.3,0.6709999999999999,7.2,2.4,0.7,0.6,3.1,2.0,14.4,0,1,0
Gilbert Arenas,30.5,7.9,0.523,4.2,0.361,4.0,0.738,3.8,2.2,1.9,0.2,2.7,2.4,15.8,1,0,1
Troy Bell,35.7,8.1,0.467,6.6,0.3720000000000001,7.6,0.868,4.0,3.5,2.2,0.3,2.9,2.3,21.6,0,0,1
Shane Battier,31.4,4.9,0.57,4.1,0.416,3.8,0.777,6.1,1.6,1.8,1.7,1.2,1.6,13.6,0,1,0
Brandon Armstrong,30.4,9.5,0.467,5.6,0.391,3.2,0.8240000000000001,3.2,1.5,1.7,0.2,1.9,2.6,18.1,0,0,1
O.J. Mayo,36.8,9.7,0.464,6.5,0.409,4.6,0.8029999999999999,4.5,3.3,1.5,0.4,3.5,2.4,20.7,0,0,1
Ryan Hollins,20.2,3.5,0.574,0.0,1.0,2.9,0.591,4.0,0.4,0.2,0.9,1.4,2.4,5.7,0,0,0
DeMar DeRozan,33.4,9.5,0.562,1.0,0.16699999999999998,4.2,0.6459999999999999,5.7,1.5,0.9,0.4,2.1,2.1,13.9,1,0,1
Adreian Payne,20.0,5.1,0.551,1.1,0.409,2.7,0.755,5.3,0.6,0.6,1.0,1.4,2.2,8.9,0,1,0
Andrew Goudelock,32.8,8.1,0.494,6.8,0.413,2.2,0.838,3.3,3.0,0.9,0.3,2.2,1.5,18.4,0,0,1
Jason Collins,22.1,5.5,0.623,0.4,0.444,4.8,0.716,6.6,0.8,0.5,1.2,1.5,2.2,10.8,0,0,0
Spencer Dinwiddie,30.1,4.6,0.446,3.5,0.386,5.9,0.83,3.3,2.6,1.1,0.3,1.8,2.1,13.0,0,0,1
Randy Foye,31.3,8.1,0.441,4.9,0.329,3.8,0.7809999999999999,4.8,3.2,1.5,0.4,2.9,2.7,15.0,0,0,1
Georges Niang,29.8,8.7,0.5529999999999999,3.6,0.375,3.2,0.763,5.2,3.1,0.7,0.5,2.3,3.1,16.1,0,1,0
Avery Bradley,29.5,7.5,0.457,3.3,0.375,1.9,0.545,2.9,2.1,1.3,0.5,1.5,2.4,11.6,0,0,1
Shelden Williams,28.1,8.6,0.574,0.1,0.333,5.7,0.6940000000000001,9.1,0.9,1.2,3.0,2.3,3.1,13.9,0,1,0
Tony Allen,31.4,9.3,0.508,2.2,0.34700000000000003,5.2,0.682,5.5,2.9,2.0,0.8,2.8,2.9,15.3,0,0,1
Joe Alexander,25.3,7.9,0.488,2.1,0.295,3.3,0.765,4.8,2.0,0.6,1.2,1.8,2.2,12.1,0,1,0
Julian Wright,24.1,7.7,0.565,0.2,0.188,2.5,0.591,6.3,2.0,1.2,1.3,2.2,2.1,10.4,0,1,0
Jonny Flynn,36.5,8.1,0.525,4.2,0.333,5.1,0.782,2.7,6.0,1.5,0.2,3.1,1.5,16.6,0,0,1
Brandon Knight,35.9,7.4,0.461,6.1,0.377,4.5,0.795,4.0,4.2,0.7,0.2,3.2,2.2,17.3,0,0,1
Rondae Hollis-Jefferson,27.0,6.4,0.52,0.5,0.205,4.7,0.6970000000000001,6.3,1.5,0.9,0.9,1.4,2.4,10.2,0,1,0
Jason Kapono,34.0,6.1,0.489,5.6,0.446,3.6,0.83,5.1,2.1,0.9,0.1,2.3,2.3,16.5,0,1,0
Kenny Satterfield,31.5,6.8,0.4370000000000001,3.0,0.32299999999999995,3.9,0.78,4.1,5.2,1.4,0.1,3.3,2.4,11.9,0,0,1
Andrew Nicholson,29.9,10.8,0.586,0.6,0.377,5.1,0.72,7.2,0.7,0.5,2.0,2.4,3.0,17.1,0,1,0
Marcus Smart,33.1,7.3,0.488,4.6,0.295,7.3,0.7509999999999999,5.9,4.5,2.9,0.6,3.0,2.9,16.6,0,0,1
Jevon Carter,29.9,5.3,0.453,4.7,0.355,3.0,0.7979999999999999,3.7,3.9,2.3,0.2,1.8,2.5,12.2,0,0,1
Shawne Williams,27.8,6.1,0.489,4.3,0.312,4.0,0.7859999999999999,6.2,1.9,1.4,1.4,2.3,2.9,13.2,0,1,0
Kadeem Allen,27.5,4.8,0.482,1.8,0.4,3.1,0.725,3.6,3.3,1.3,0.7,2.0,2.4,9.1,0,0,1
Dijon Thompson,27.8,6.8,0.51,3.1,0.362,2.7,0.7809999999999999,4.7,2.0,1.1,0.3,2.4,1.8,12.5,0,0,1
Fred Jones,28.2,5.7,0.568,3.5,0.338,3.9,0.805,5.0,2.9,1.2,0.6,2.4,2.5,13.2,0,0,1
Sterling Brown,4.9,0.9,0.483,0.5,0.353,0.5,0.5329999999999999,0.8,0.4,0.1,0.0,0.3,0.7,1.7,0,0,1
Jon Brockman,28.7,10.3,0.534,0.0,0.0,4.6,0.612,9.8,1.0,0.8,0.1,2.1,2.8,13.8,0,1,0
Jared Sullinger,31.0,10.8,0.541,0.7,0.365,6.7,0.733,9.7,1.2,1.1,0.8,1.8,2.7,17.3,0,1,0
Kirk Hinrich,29.7,5.0,0.542,3.9,0.43,2.6,0.7759999999999999,3.8,4.7,1.5,0.4,2.7,2.7,12.4,0,0,1
Daniel Hamilton,31.6,7.1,0.409,3.9,0.337,2.6,0.772,8.3,4.2,1.0,0.4,2.3,2.1,11.7,0,0,1
Derrick Rose,29.2,8.3,0.521,2.6,0.337,5.1,0.7120000000000001,4.5,4.7,1.2,0.4,2.7,1.7,14.9,1,0,1
Luke Kennard,31.2,6.1,0.526,5.1,0.383,3.9,0.867,4.3,2.0,0.9,0.3,1.2,2.1,15.7,0,0,1
Patrick McCaw,31.7,4.3,0.527,5.2,0.3670000000000001,2.5,0.753,4.2,3.3,2.0,0.4,1.9,1.9,12.2,0,0,1
Devin Ebanks,32.1,7.6,0.51,1.0,0.114,4.2,0.736,7.9,2.6,0.9,0.7,2.1,1.7,11.2,0,1,0
Caleb Swanigan,29.2,7.9,0.537,2.3,0.376,4.4,0.76,10.4,2.4,0.4,0.5,3.0,2.5,14.4,0,1,0
Jordan Bell,24.7,5.2,0.622,0.2,0.188,1.8,0.63,6.8,1.5,1.1,2.2,1.5,2.3,7.8,0,1,0
Iman Shumpert,31.3,6.7,0.45,4.0,0.305,4.1,0.738,4.5,4.2,2.3,0.2,3.0,2.7,12.7,0,0,1
Daniel Orton,13.2,2.3,0.539,0.1,0.0,1.7,0.524,3.3,0.4,0.6,1.4,1.0,2.3,3.4,0,0,0
Sviatoslav Mykhailiuk,22.6,3.0,0.455,4.3,0.409,1.0,0.746,2.5,1.5,0.7,0.2,1.1,1.7,8.7,0,0,1
Andre Iguodala,25.4,5.9,0.473,1.9,0.274,3.3,0.738,6.6,3.4,1.5,0.5,2.1,2.2,9.6,1,0,1
Kenneth Faried,29.1,10.0,0.5720000000000001,0.1,0.25,5.6,0.583,12.3,0.9,1.7,1.8,2.2,3.1,14.8,0,1,0
Luke Walton,27.2,5.9,0.47,1.8,0.284,3.1,0.685,5.1,4.5,1.2,0.4,2.6,1.8,9.1,0,1,0
T.J. Ford,33.0,9.0,0.436,1.5,0.228,5.0,0.8009999999999999,3.8,8.0,2.1,0.1,3.6,2.6,12.9,0,0,1
Cody Zeller,29.0,9.3,0.594,0.0,0.0,6.6,0.7559999999999999,7.3,1.3,1.2,1.2,2.0,2.5,16.1,0,0,0
Adam Morrison,30.6,10.3,0.551,3.7,0.368,5.5,0.7609999999999999,5.1,2.0,0.7,0.4,1.7,1.7,19.7,0,1,0
Darius Johnson-Odom,30.8,6.7,0.476,5.2,0.403,4.1,0.722,3.1,2.5,0.9,0.2,2.1,2.3,15.7,0,0,1
Robin Lopez,24.3,6.9,0.511,0.0,0.5,3.1,0.612,5.6,0.8,0.3,2.3,1.6,2.5,9.0,0,0,0
Brook Lopez,28.0,12.3,0.491,0.4,0.14300000000000002,4.9,0.764,7.1,1.1,0.5,1.9,2.1,2.6,16.0,1,0,0
Luke Harangody,29.2,14.3,0.486,1.0,0.326,5.6,0.782,9.5,1.6,0.8,0.7,1.8,2.4,19.2,0,1,0
Jerami Grant,21.9,5.1,0.496,0.3,0.3,3.5,0.6409999999999999,4.7,0.9,0.6,0.5,0.9,1.8,7.5,0,1,0
Gary Harris,31.0,5.7,0.503,5.6,0.376,3.5,0.7879999999999999,3.3,2.0,1.6,0.3,1.6,2.0,14.9,0,0,1
Nick Johnson,30.9,6.0,0.459,3.7,0.359,3.9,0.7340000000000001,3.7,2.8,1.3,0.6,1.8,2.0,12.3,0,0,1
Jordan Mickey,33.8,10.6,0.527,0.2,0.071,4.3,0.669,8.8,1.2,0.8,3.4,2.8,2.4,14.0,0,1,0
Deron Williams,31.7,5.1,0.464,4.3,0.374,2.1,0.685,3.3,5.9,1.1,0.2,2.4,2.2,11.0,1,0,1
Darren Collison,29.2,5.7,0.494,2.7,0.435,2.9,0.851,2.3,4.1,1.6,0.1,2.4,1.4,11.5,0,0,1
Zach Collins,17.3,4.8,0.672,0.5,0.476,3.8,0.743,5.9,0.4,0.5,1.8,1.5,2.7,10.0,0,0,0
Evan Turner,32.8,9.1,0.525,1.5,0.362,5.0,0.758,6.8,4.1,1.6,0.7,3.5,2.7,15.0,0,0,1
Nikola Vucevic,27.7,6.9,0.551,1.4,0.303,2.9,0.746,8.0,1.1,0.5,1.1,1.5,2.4,11.1,1,0,0
Kevin Durant,35.9,12.7,0.505,5.8,0.404,7.3,0.816,11.1,1.3,1.9,1.9,2.8,2.0,25.8,1,1,0
Brandon Ingram,34.6,8.0,0.464,5.4,0.41,4.7,0.682,6.8,2.0,1.1,1.4,2.0,2.1,17.3,0,1,0
Mike Scott,22.9,3.6,0.429,1.4,0.28600000000000003,2.8,0.677,3.5,2.0,1.3,0.1,1.6,2.9,6.2,0,1,0
Jordan Hamilton,14.8,1.6,0.547,1.9,0.324,1.0,0.753,1.4,0.5,0.3,0.3,0.7,1.7,4.3,0,0,1
Kyle Singler,33.0,7.7,0.479,5.0,0.363,4.3,0.773,6.9,2.0,1.1,0.7,2.1,2.6,16.2,0,1,0
Matt Barnes,22.6,5.5,0.514,1.6,0.314,2.9,0.5660000000000001,4.8,2.0,1.0,0.4,2.0,2.2,8.8,0,1,0
J.J. Redick,34.0,5.6,0.472,8.1,0.406,5.2,0.912,2.7,2.2,1.1,0.1,2.1,1.6,19.9,0,0,1
Steve Novak,27.0,2.3,0.443,6.1,0.461,2.1,0.931,4.2,1.0,0.5,0.1,1.1,2.0,12.4,0,1,0
Ben Simmons,34.9,11.6,0.561,0.1,0.333,9.0,0.67,11.8,4.8,2.0,0.8,3.4,2.8,19.2,1,0,1
Derrick Favors,27.5,8.1,0.613,0.0,0.0,4.0,0.629,8.4,1.0,0.9,2.1,2.5,2.6,12.4,0,1,0
Jodie Meeks,27.7,5.2,0.491,5.7,0.386,4.1,0.89,3.0,1.6,1.1,0.1,1.8,1.6,15.4,0,0,1
Kirk Haston,26.8,11.2,0.48,0.7,0.366,4.2,0.7170000000000001,7.8,1.2,0.8,1.1,2.0,2.7,14.6,0,1,0
James Harden,35.0,8.0,0.57,3.9,0.376,7.2,0.755,5.4,3.7,1.9,0.4,3.0,2.5,19.0,1,0,1
De'Anthony Melton,27.0,4.4,0.51,2.1,0.284,3.0,0.706,4.7,3.5,1.9,1.0,1.8,2.3,8.3,0,0,1
Jared Jeffries,32.6,9.5,0.472,1.7,0.325,5.8,0.643,7.2,2.2,1.2,1.3,2.9,2.7,14.4,0,1,0
Linas Kleiza,28.7,8.6,0.453,2.8,0.287,6.1,0.7070000000000001,7.9,1.3,0.6,0.3,2.4,2.9,14.4,0,1,0
Tristan Thompson,25.5,4.6,0.472,3.6,0.396,5.0,0.816,2.8,1.3,0.6,0.1,1.7,1.8,12.7,0,1,0
Donovan Mitchell,26.0,5.2,0.4970000000000001,4.6,0.329,2.5,0.7879999999999999,4.1,2.2,1.5,0.3,1.3,2.6,11.7,0,0,1
Deandre Ayton,33.5,11.9,0.635,1.0,0.343,5.5,0.733,11.6,1.6,0.6,1.9,2.0,2.3,20.1,0,0,0
James Johnson,33.7,7.3,0.394,4.6,0.37,3.5,0.792,3.5,3.8,1.5,0.1,2.2,2.3,13.6,0,1,0
Jarrett Jack,32.3,5.9,0.53,2.6,0.359,4.5,0.7959999999999999,4.5,5.4,1.8,0.1,3.3,2.0,12.5,0,0,1
Ryan Kelly,16.3,1.2,0.54,0.0,0.0,0.9,0.474,1.9,0.4,0.2,0.3,0.6,2.2,1.8,0,1,0
Tobias Harris,29.2,9.6,0.4970000000000001,2.2,0.303,5.0,0.753,7.3,1.3,0.7,0.9,1.8,2.1,15.3,0,1,0
Willie Green,30.0,8.6,0.495,2.8,0.35200000000000004,3.8,0.757,4.2,2.2,0.9,0.3,2.0,2.3,14.3,0,0,1
Jaron Blossomgame,30.7,7.7,0.541,2.4,0.316,4.1,0.7240000000000001,6.5,1.1,0.6,0.7,1.5,1.6,13.5,0,1,0
Kareem Rush,30.2,8.3,0.464,6.4,0.422,4.0,0.777,5.4,2.1,1.2,0.6,2.8,2.3,18.9,0,0,1
D'Angelo Russell,33.9,8.1,0.479,6.6,0.411,4.5,0.7559999999999999,5.7,5.0,1.6,0.3,2.9,2.1,19.3,1,0,1
Nick Fazekas,30.1,10.3,0.579,2.6,0.341,5.1,0.815,9.6,1.3,0.7,1.5,1.7,2.0,18.8,0,1,0
Terrence Williams,32.2,6.0,0.457,4.4,0.32,2.6,0.589,6.9,3.9,1.5,0.6,2.4,1.9,11.2,0,1,0
Cory Jefferson,19.9,5.7,0.556,0.4,0.34,3.3,0.66,5.6,0.4,0.3,1.3,0.8,1.7,8.9,0,1,0
Tyler Honeycutt,31.7,5.3,0.473,3.1,0.359,2.9,0.684,6.9,2.8,1.2,1.7,2.8,1.9,10.3,0,1,0
Blake Griffin,30.9,11.4,0.622,0.1,0.3,7.7,0.589,11.8,2.1,1.1,1.0,2.8,2.5,18.8,1,1,0
Noah Vonleh,26.5,6.1,0.53,1.1,0.485,4.5,0.716,9.0,0.6,0.9,1.4,2.1,2.7,11.3,0,1,0
Rasual Butler,38.3,9.6,0.447,7.1,0.359,3.7,0.8290000000000001,5.9,1.6,1.0,1.1,2.7,1.8,19.3,0,1,0
Darius Songaila,26.2,9.3,0.516,0.3,0.343,5.3,0.831,6.3,1.8,1.1,0.7,2.8,3.3,14.3,0,1,0
Karl-Anthony Towns,21.1,6.4,0.5770000000000001,0.2,0.25,3.4,0.813,6.7,1.1,0.5,2.3,1.4,2.9,10.3,1,0,0
Moritz Wagner,21.0,4.5,0.643,2.7,0.385,2.2,0.698,4.5,0.5,0.8,0.4,1.2,2.5,10.4,0,1,0
Darrun Hilliard,26.8,4.2,0.507,4.3,0.3670000000000001,3.2,0.748,3.0,1.9,1.3,0.4,1.6,2.1,11.4,0,0,1
Isaiah Canaan,29.4,5.2,0.483,5.5,0.419,4.5,0.8029999999999999,2.8,2.9,1.2,0.1,2.4,1.8,15.5,0,0,1
Markelle Fultz,35.7,12.5,0.502,5.0,0.413,6.7,0.649,5.7,5.9,1.6,1.2,3.2,2.5,23.2,0,0,1
Carmelo Anthony,36.4,12.7,0.496,4.7,0.337,6.8,0.706,10.0,2.2,1.6,0.9,2.2,2.2,22.2,1,1,0
Lamar Patterson,24.3,4.3,0.483,3.1,0.369,2.6,0.723,3.9,2.9,1.0,0.3,1.6,1.9,9.5,0,0,1
Landry Fields,23.6,6.0,0.51,2.3,0.342,3.3,0.6759999999999999,5.0,1.6,0.9,0.4,1.5,1.6,10.8,0,1,0
Morris Almond,27.1,7.6,0.514,2.9,0.435,4.2,0.8240000000000001,3.5,1.0,0.7,0.5,2.2,1.7,15.1,0,0,1
Ben Gordon,31.0,7.2,0.452,5.5,0.423,4.4,0.795,3.9,4.1,1.2,0.2,2.8,2.3,16.9,0,0,1
Shabazz Napier,32.3,5.3,0.444,4.8,0.375,4.4,0.813,4.0,4.5,1.8,0.2,2.4,2.1,13.7,0,0,1
Klay Thompson,34.4,8.1,0.45,6.3,0.39,3.9,0.8270000000000001,4.8,2.6,1.3,0.8,2.9,2.5,17.9,1,0,1
Joseph Forte,33.9,10.9,0.489,4.4,0.368,4.0,0.81,5.8,3.0,1.8,0.4,2.4,2.0,18.7,0,0,1
Lavoy Allen,32.2,7.7,0.5489999999999999,0.5,0.28800000000000003,2.4,0.6709999999999999,8.5,2.1,0.5,1.6,1.4,2.5,10.5,0,1,0
John Wall,34.8,8.8,0.509,3.1,0.325,6.3,0.754,4.3,6.5,1.8,0.5,4.0,1.9,16.6,1,0,1
Demetrius Jackson,29.1,5.6,0.447,4.8,0.348,4.0,0.8370000000000001,2.8,3.3,1.1,0.1,3.4,2.6,13.4,0,0,1
Brian Scalabrine,33.0,9.7,0.5379999999999999,1.5,0.343,4.8,0.77,6.1,2.7,1.0,0.9,3.4,2.7,15.7,0,1,0
Alize Johnson,30.7,7.5,0.523,3.8,0.325,4.6,0.716,11.1,2.4,0.5,0.3,2.3,2.3,14.9,0,1,0
Darius Miller,24.9,3.5,0.509,3.0,0.379,1.5,0.815,3.2,1.8,0.8,0.7,1.4,2.3,8.2,0,1,0
Henry Ellenson,33.5,10.0,0.495,3.2,0.28800000000000003,5.8,0.7490000000000001,9.7,1.8,0.8,1.5,2.4,2.5,17.0,0,1,0
Rodney White,30.9,10.4,0.5329999999999999,3.4,0.34700000000000003,5.7,0.713,6.5,1.5,1.2,0.7,2.9,2.6,18.7,0,1,0
Doron Lamb,29.8,5.0,0.4920000000000001,3.9,0.475,3.2,0.8109999999999999,2.3,1.6,0.5,0.1,1.2,2.0,13.1,0,0,1
Austin Rivers,33.2,7.1,0.477,4.7,0.365,5.4,0.6579999999999999,3.4,2.1,1.0,0.0,2.3,2.2,15.5,0,0,1
Ben McLemore,32.2,6.1,0.5529999999999999,4.7,0.42,3.7,0.87,5.2,2.0,1.0,0.7,2.1,1.9,15.9,0,0,1
Sam Dekker,27.9,5.3,0.591,3.6,0.348,2.8,0.695,5.0,1.3,0.6,0.5,1.0,1.2,12.1,0,1,0
Devin Harris,35.0,5.0,0.522,5.2,0.375,4.8,0.778,4.1,3.1,1.7,0.4,1.8,2.1,14.8,1,0,1
Darrell Arthur,21.9,8.5,0.552,0.2,0.118,2.7,0.6759999999999999,5.5,0.6,0.7,1.4,1.6,2.8,11.3,0,1,0
Von Wafer,21.6,3.8,0.457,4.9,0.365,1.9,0.669,2.2,1.4,0.9,0.2,1.4,1.4,10.1,0,0,1
Carlos Boozer,25.9,8.7,0.632,0.0,0.0,5.3,0.741,7.2,1.1,1.0,0.7,1.6,2.9,14.9,1,1,0
Patrick Beverley,34.1,4.6,0.463,5.2,0.382,3.9,0.73,5.5,2.8,1.5,0.4,2.0,2.3,13.0,0,0,1
Terry Rozier,26.8,6.8,0.447,3.5,0.331,3.1,0.772,4.3,2.4,1.5,0.1,1.4,1.6,12.0,0,0,1
Mitch McGary,20.6,5.9,0.5920000000000001,0.0,0.0,1.6,0.513,6.6,0.8,1.2,0.7,1.3,2.5,7.8,0,1,0
Anthony Randolph,32.8,12.1,0.483,0.6,0.105,5.4,0.693,8.5,1.2,1.1,2.3,3.0,2.7,15.6,0,1,0
Jeff Trepagnier,31.3,6.7,0.521,1.9,0.298,2.9,0.659,5.2,1.4,1.9,1.0,2.0,2.1,10.6,0,0,1
Luke Jackson,29.1,7.7,0.488,3.4,0.402,4.7,0.8490000000000001,5.9,3.4,1.3,0.3,2.3,1.8,15.6,1,1,0
Channing Frye,27.7,9.3,0.568,0.2,0.261,3.7,0.759,7.3,1.3,0.6,1.9,1.4,2.8,13.5,0,0,0
Julius Randle,30.8,9.3,0.517,0.5,0.16699999999999998,7.2,0.706,10.4,1.4,0.5,0.8,2.5,2.3,15.0,0,1,0
Bracey Wright,35.7,7.4,0.451,6.3,0.35,5.7,0.7759999999999999,5.1,2.4,0.9,0.6,2.3,1.8,17.6,0,0,1
Taurean Green,29.2,2.8,0.419,4.3,0.389,3.7,0.857,2.2,3.6,1.1,0.1,2.5,1.6,10.6,0,0,1
Mikal Bridges,27.3,3.8,0.645,3.7,0.4,2.3,0.845,4.3,1.6,1.4,0.9,1.1,2.2,11.3,0,0,1
Carrick Felix,27.9,4.7,0.545,3.2,0.326,2.6,0.7040000000000001,4.8,1.3,1.0,0.8,1.7,2.4,10.2,0,0,1
Kris Humphries,34.1,15.4,0.455,1.7,0.34,7.9,0.742,10.1,0.7,0.9,1.1,2.8,2.2,21.7,0,1,0
A.J. Price,29.4,6.1,0.447,4.4,0.365,3.7,0.722,3.4,4.7,1.1,0.1,2.4,1.4,13.0,0,0,1
Doug McDermott,31.5,10.2,0.5870000000000001,4.1,0.458,4.9,0.831,7.5,1.3,0.2,0.1,2.2,1.8,21.7,0,1,0
OG Anunoby,17.4,3.3,0.652,1.5,0.365,1.8,0.522,3.5,0.8,1.0,0.9,1.1,1.7,6.8,0,1,0
Grant Jerrett,17.8,2.2,0.413,2.3,0.405,0.6,0.818,3.6,0.5,0.5,1.0,0.6,1.3,5.2,0,1,0
Jordan McRae,27.1,5.9,0.475,4.6,0.343,4.0,0.769,3.3,1.8,0.6,0.9,2.0,1.9,13.3,0,0,1
Josh Hart,28.0,5.4,0.5920000000000001,3.6,0.389,3.4,0.72,5.6,1.8,1.1,0.3,1.3,2.2,13.2,0,0,1
George Hill,33.3,8.3,0.565,2.3,0.404,6.1,0.785,5.8,3.3,1.6,0.3,2.5,2.8,17.0,0,0,1
Jon Leuer,22.8,6.5,0.521,2.2,0.368,2.7,0.723,4.5,1.1,0.4,0.7,1.2,1.6,11.2,0,1,0
Jason Smith,27.9,9.3,0.556,0.3,0.308,5.5,0.7509999999999999,7.9,2.0,0.5,1.7,3.1,3.3,14.7,0,1,0
Dominique Jones,36.5,8.9,0.512,5.2,0.32299999999999995,6.5,0.737,5.4,3.5,1.5,0.4,2.6,2.6,18.9,0,0,1
R.J. Hunter,34.7,6.1,0.505,7.2,0.354,5.3,0.853,4.8,2.4,1.9,0.9,1.7,2.2,18.4,0,0,1
David Lee,25.0,7.3,0.584,0.0,0.0,4.0,0.6809999999999999,6.8,2.0,0.9,0.9,2.1,2.2,11.3,1,1,0
Trey Burke,35.7,8.3,0.499,5.0,0.3670000000000001,4.0,0.777,3.3,5.7,1.3,0.5,2.5,1.7,16.9,0,0,1
D.J. Augustin,36.5,8.2,0.463,4.1,0.402,5.5,0.8079999999999999,2.9,6.2,1.4,0.0,3.0,1.9,16.9,0,0,1
Jarred Vanderbilt,17.0,4.8,0.433,0.1,0.0,2.7,0.632,7.9,1.0,0.4,0.8,1.1,2.6,5.9,0,1,0
Marcus Morris,24.0,7.3,0.585,1.1,0.358,4.3,0.66,6.2,1.3,0.9,0.4,1.6,2.6,12.6,0,1,0
Mason Plumlee,25.9,6.4,0.578,0.1,0.2,4.0,0.583,7.7,1.5,0.8,1.4,2.0,2.5,9.8,0,0,0
Aaron Holiday,31.8,6.2,0.469,4.2,0.422,3.9,0.795,3.2,4.7,1.2,0.2,3.0,2.7,14.3,0,0,1
Hassan Adams,27.8,9.7,0.535,1.9,0.311,2.7,0.7040000000000001,5.4,2.0,1.8,0.7,2.0,2.0,14.0,0,0,1
Rudy Gay,29.8,8.5,0.483,2.3,0.378,3.8,0.721,5.9,1.8,1.3,1.7,2.2,2.3,13.6,0,1,0
Andy Rautins,24.4,1.2,0.506,5.9,0.374,1.2,0.763,2.6,2.7,1.4,0.2,1.7,1.9,8.8,0,0,1
Tyshawn Taylor,27.7,5.7,0.518,2.2,0.37,3.5,0.708,2.2,3.9,1.2,0.2,2.6,2.1,10.8,0,0,1
Malik Beasley,29.8,7.4,0.518,4.2,0.387,3.8,0.813,5.3,1.5,0.9,0.2,1.7,2.2,15.6,0,0,1
Shane Larkin,31.3,4.6,0.491,4.0,0.375,2.7,0.8079999999999999,3.2,3.6,1.8,0.1,2.1,1.6,11.2,0,0,1
Brandon Bass,34.2,8.7,0.5539999999999999,0.8,0.378,5.8,0.78,8.2,0.7,0.8,1.8,1.8,2.2,15.1,0,1,0
Trey Thompkins,29.5,10.3,0.496,2.5,0.35700000000000004,3.8,0.7290000000000001,7.8,1.4,1.0,1.3,2.6,2.2,15.7,0,1,0
Jeff Withey,19.8,4.9,0.5670000000000001,0.0,1.0,3.3,0.726,5.4,0.6,0.5,2.7,1.2,1.8,8.0,0,0,0
Delon Wright,34.8,7.5,0.594,1.9,0.299,5.5,0.8140000000000001,5.8,5.2,2.3,1.1,2.2,1.6,15.0,0,0,1
Al-Farouq Aminu,30.1,8.9,0.522,1.7,0.238,5.7,0.687,9.4,1.4,1.2,1.3,2.9,2.8,14.4,0,1,0
Chandler Parsons,27.9,4.6,0.575,3.2,0.337,2.8,0.611,6.0,2.4,0.9,0.3,1.6,2.0,10.2,0,1,0
Frank Mason,30.0,6.2,0.471,3.0,0.42,4.4,0.7609999999999999,3.4,4.0,1.1,0.1,1.9,2.0,13.0,0,0,1
Anthony Bennett,27.1,8.1,0.5870000000000001,2.7,0.375,5.1,0.701,8.1,1.0,0.7,1.2,1.9,2.3,16.1,0,1,0
P.J. Hairston,18.1,2.9,0.458,5.1,0.349,2.5,0.8,3.2,1.0,0.8,0.3,0.9,1.7,10.0,0,0,1
Zach LaVine,24.4,4.3,0.494,3.5,0.375,1.8,0.691,2.5,1.8,0.9,0.2,1.1,2.0,9.4,0,0,1
Jayson Tatum,33.3,8.6,0.504,4.0,0.342,4.8,0.8490000000000001,7.3,2.1,1.3,1.1,2.6,3.0,16.8,0,1,0
Grayson Allen,27.9,4.5,0.49,5.4,0.38,4.2,0.8340000000000001,3.2,3.0,1.0,0.1,1.7,2.1,14.1,0,0,1
Hilton Armstrong,15.1,3.1,0.565,0.0,0.333,2.1,0.578,3.9,0.6,0.3,1.5,1.2,2.1,4.7,0,1,0
James Jones,27.5,6.3,0.444,2.7,0.383,3.0,0.831,5.0,1.2,1.1,1.6,1.5,2.1,11.1,0,1,0
Trevor Ariza,31.6,7.0,0.509,3.0,0.237,4.5,0.504,6.5,2.1,1.7,0.4,3.2,2.8,11.6,0,1,0
DaJuan Summers,27.6,4.2,0.522,4.1,0.353,3.4,0.727,4.4,1.3,1.0,0.6,2.2,2.4,11.2,0,1,0
Kosta Koufos,27.1,10.1,0.535,1.7,0.349,2.7,0.68,6.7,0.5,0.4,1.8,1.5,2.2,14.4,0,0,0
Demetris Nichols,25.8,4.4,0.493,4.7,0.358,2.1,0.752,4.1,1.1,1.0,0.8,1.5,2.0,10.9,0,1,0
Armon Johnson,32.7,9.2,0.514,2.4,0.289,3.7,0.75,3.7,4.4,0.8,0.2,2.7,1.7,14.3,0,0,1
Tyler Lydon,33.1,4.8,0.531,3.5,0.4,2.9,0.809,7.4,1.6,1.1,1.6,1.5,2.6,11.6,0,1,0
Norris Cole,29.4,8.0,0.48,3.1,0.321,4.2,0.826,3.2,3.3,1.5,0.1,2.0,2.2,14.1,0,0,1
Kyle O'Quinn,27.5,7.0,0.62,1.6,0.261,3.8,0.685,8.5,0.9,0.5,2.2,2.0,2.9,12.5,0,1,0
Jabari Bird,26.4,4.5,0.512,4.4,0.371,1.6,0.753,3.3,1.2,0.5,0.3,1.2,1.7,10.8,0,0,1
Stanley Johnson,28.4,7.2,0.478,3.1,0.371,4.7,0.742,6.5,1.7,1.5,0.4,2.2,2.6,13.8,0,1,0
Jrue Holiday,27.1,4.6,0.528,2.5,0.307,1.8,0.726,3.8,3.7,1.6,0.5,2.1,2.1,8.5,1,0,1
Isaiah Thomas,30.4,7.6,0.49,4.8,0.325,6.0,0.713,3.5,4.0,1.2,0.1,2.7,2.0,16.4,1,0,1
Monte Morris,33.8,6.7,0.517,2.9,0.381,2.6,0.78,3.7,5.5,1.6,0.3,1.2,1.5,12.2,0,0,1
Shabazz Muhammad,30.8,10.9,0.463,3.3,0.377,5.6,0.711,5.2,0.8,0.7,0.1,1.6,1.7,17.9,0,1,0
Archie Goodwin,31.8,8.9,0.478,1.9,0.266,6.4,0.637,4.6,2.7,1.1,0.5,3.1,2.9,14.1,0,0,1
Steven Hunter,24.6,6.8,0.589,0.0,0.0,3.2,0.6,4.7,0.4,0.2,2.0,1.6,2.2,9.9,0,0,0
Pierre Jackson,32.8,6.4,0.496,5.6,0.379,5.0,0.8079999999999999,3.3,6.5,1.6,0.0,3.5,2.3,16.7,0,0,1
